﻿<?xml version="1.0" encoding="utf-8" ?>
<urls>
  <url>http://reskin.emaar.com/en/careers/</url>
  <url>http://reskin.emaar.com/en/careers/emiratisation.aspx</url>
  <url>http://reskin.emaar.com/en/contact-us/index.aspx</url>
  <url>http://reskin.emaar.com/en/contact-us/property-alerts.aspx</url>
  <url>http://reskin.emaar.com/en/emaar-e-services/</url>
  <url>http://reskin.emaar.com/en/faq/fact-sheet.aspx</url>
  <url>http://reskin.emaar.com/en/faq/index.aspx</url>
  <url>http://reskin.emaar.com/en/faq/investor-relations.aspx</url>
  <url>http://reskin.emaar.com/en/faq/miscellaneous.aspx</url>
  <url>http://reskin.emaar.com/en/faq/properties.aspx</url>
  <url>http://reskin.emaar.com/en/investor-relations/</url>
  <url>http://reskin.emaar.com/en/investor-relations/annual-reports.aspx</url>
  <url>http://reskin.emaar.com/en/investor-relations/credit-ratings.aspx</url>
  <url>http://reskin.emaar.com/en/investor-relations/disclosures.aspx</url>
  <url>http://reskin.emaar.com/en/investor-relations/dividends.aspx</url>
  <url>http://reskin.emaar.com/en/investor-relations/emaar-malls-ir</url>
  <url>http://reskin.emaar.com/en/investor-relations/emaar-malls-ir/credit-ratings.aspx</url>
  <url>http://reskin.emaar.com/en/investor-relations/emaar-malls-ir/disclosures.aspx</url>
  <url>http://reskin.emaar.com/en/investor-relations/emaar-malls-ir/dividends.aspx</url>
  <url>http://reskin.emaar.com/en/investor-relations/emaar-malls-ir/fatwa.aspx</url>
  <url>http://reskin.emaar.com/en/investor-relations/emaar-malls-ir/financial-information</url>
  <url>http://reskin.emaar.com/en/investor-relations/emaar-malls-ir/financial-information/prospectus.aspx</url>
  <url>http://reskin.emaar.com/en/investor-relations/emaar-malls-ir/governance</url>
  <url>http://reskin.emaar.com/en/investor-relations/emaar-malls-ir/governance/annual-meetings.aspx</url>
  <url>http://reskin.emaar.com/en/investor-relations/emaar-malls-ir/governance/corporate-governance-reports.aspx</url>
  <url>http://reskin.emaar.com/en/investor-relations/emaar-malls-ir/management.aspx</url>
  <url>http://reskin.emaar.com/en/investor-relations/emaar-malls-ir/press-releases.aspx</url>
  <url>http://reskin.emaar.com/en/investor-relations/financial-information</url>
  <url>http://reskin.emaar.com/en/investor-relations/financial-information/annual-key-figures.aspx</url>
  <url>http://reskin.emaar.com/en/investor-relations/financial-information/earnings-releases.aspx</url>
  <url>http://reskin.emaar.com/en/investor-relations/financial-information/financials-statements.aspx</url>
  <url>http://reskin.emaar.com/en/investor-relations/financial-information/presentations.aspx</url>
  <url>http://reskin.emaar.com/en/investor-relations/financial-information/quarterly-key-figures.aspx</url>
  <url>http://reskin.emaar.com/en/investor-relations/governance</url>
  <url>http://reskin.emaar.com/en/investor-relations/governance/annual-meetings.aspx</url>
  <url>http://reskin.emaar.com/en/investor-relations/governance/board-of-directors.aspx</url>
  <url>http://reskin.emaar.com/en/investor-relations/governance/corporate-governance-reports.aspx</url>
  <url>http://reskin.emaar.com/en/investor-relations/governance/group-structure.aspx</url>
  <url>http://reskin.emaar.com/en/investor-relations/governance/principal-officers.aspx</url>
  <url>http://reskin.emaar.com/en/investor-relations/investor-resources</url>
  <url>http://reskin.emaar.com/en/investor-relations/investor-resources/analyst-ratings.aspx</url>
  <url>http://reskin.emaar.com/en/investor-relations/investor-resources/consensus-recommendations.aspx</url>
  <url>http://reskin.emaar.com/en/investor-relations/investor-resources/fact-sheet.aspx</url>
  <url>http://reskin.emaar.com/en/investor-relations/press-releases.aspx</url>
  <url>http://reskin.emaar.com/en/investor-relations/share-information</url>
  <url>http://reskin.emaar.com/en/investor-relations/share-information/historical-share-prices.aspx</url>
  <url>http://reskin.emaar.com/en/investor-relations/share-information/investment-calculator.aspx</url>
  <url>http://reskin.emaar.com/en/investor-relations/share-information/share-graph.aspx</url>
  <url>http://reskin.emaar.com/en/investor-relations/share-information/share-overview.aspx</url>
  <url>http://reskin.emaar.com/en/media-centre</url>
  <url>http://reskin.emaar.com/en/media-centre/</url>
  <url>http://reskin.emaar.com/en/media-centre/media-queries.aspx</url>
  <url>http://reskin.emaar.com/en/media-centre/photo-gallery</url>
  <url>http://reskin.emaar.com/en/media-centre/photo-gallery/art.aspx</url>
  <url>http://reskin.emaar.com/en/media-centre/photo-gallery/emaar-built-this.aspx</url>
  <url>http://reskin.emaar.com/en/media-centre/photo-gallery/new-years-eve.aspx</url>
  <url>http://reskin.emaar.com/en/media-centre/press-releases.aspx</url>
  <url>http://reskin.emaar.com/en/media-centre/video-gallery</url>
  <url>http://reskin.emaar.com/en/media-centre/video-gallery/emaar-album.aspx</url>
  <url>http://reskin.emaar.com/en/media-centre/video-gallery/new-year-album.aspx</url>
  <url>http://reskin.emaar.com/en/media-centre/video-gallery/the-dubai-mall-album.aspx</url>
  <url>http://reskin.emaar.com/en/onlinesalescentre</url>
  <url>http://reskin.emaar.com/en/privacy-policy/index.aspx</url>
  <url>http://reskin.emaar.com/en/sitemap.aspx</url>
  <url>http://reskin.emaar.com/en/terms-and-conditions/index.aspx</url>
  <url>http://reskin.emaar.com/en/what-we-do</url>
  <url>http://reskin.emaar.com/en/what-we-do/burj-khalifa</url>
  <url>http://reskin.emaar.com/en/what-we-do/burj-khalifa/at-the-top.aspx</url>
  <url>http://reskin.emaar.com/en/what-we-do/burj-khalifa/the-dubai-fountain.aspx</url>
  <url>http://reskin.emaar.com/en/what-we-do/commercial-leasing.aspx</url>
  <url>http://reskin.emaar.com/en/what-we-do/communities/egypt</url>
  <url>http://reskin.emaar.com/en/what-we-do/communities/egypt/cairo-gate.aspx</url>
  <url>http://reskin.emaar.com/en/what-we-do/communities/egypt/marassi.aspx</url>
  <url>http://reskin.emaar.com/en/what-we-do/communities/egypt/mivida.aspx</url>
  <url>http://reskin.emaar.com/en/what-we-do/communities/india</url>
  <url>http://reskin.emaar.com/en/what-we-do/communities/india/boulder-hills.aspx</url>
  <url>http://reskin.emaar.com/en/what-we-do/communities/india/central-plaza-mohali.aspx</url>
  <url>http://reskin.emaar.com/en/what-we-do/communities/india/commerce-park.aspx</url>
  <url>http://reskin.emaar.com/en/what-we-do/communities/india/commonwealth-games-village-delhi.aspx</url>
  <url>http://reskin.emaar.com/en/what-we-do/communities/india/digital-greens.aspx</url>
  <url>http://reskin.emaar.com/en/what-we-do/communities/india/emerald-hills.aspx</url>
  <url>http://reskin.emaar.com/en/what-we-do/communities/india/emerald-plaza.aspx</url>
  <url>http://reskin.emaar.com/en/what-we-do/communities/india/esplanade.aspx</url>
  <url>http://reskin.emaar.com/en/what-we-do/communities/india/gomti-greens.aspx</url>
  <url>http://reskin.emaar.com/en/what-we-do/communities/india/grace.aspx</url>
  <url>http://reskin.emaar.com/en/what-we-do/communities/india/gurgaon-greens.aspx</url>
  <url>http://reskin.emaar.com/en/what-we-do/communities/india/imperial-gardens.aspx</url>
  <url>http://reskin.emaar.com/en/what-we-do/communities/india/indore-greens.aspx</url>
  <url>http://reskin.emaar.com/en/what-we-do/communities/india/jaipur-greens.aspx</url>
  <url>http://reskin.emaar.com/en/what-we-do/communities/india/marbella.aspx</url>
  <url>http://reskin.emaar.com/en/what-we-do/communities/india/mohali-hills.aspx</url>
  <url>http://reskin.emaar.com/en/what-we-do/communities/india/palm-gardens.aspx</url>
  <url>http://reskin.emaar.com/en/what-we-do/communities/india/palm-hills.aspx</url>
  <url>http://reskin.emaar.com/en/what-we-do/communities/india/palm-terraces.aspx</url>
  <url>http://reskin.emaar.com/en/what-we-do/communities/india/palm-terraces-select.aspx</url>
  <url>http://reskin.emaar.com/en/what-we-do/communities/india/the-avenues-at-esplanade.aspx</url>
  <url>http://reskin.emaar.com/en/what-we-do/communities/india/the-capital-tower-one-at-downtown.aspx</url>
  <url>http://reskin.emaar.com/en/what-we-do/communities/india/the-enclave.aspx</url>
  <url>http://reskin.emaar.com/en/what-we-do/communities/india/the-palm-drive.aspx</url>
  <url>http://reskin.emaar.com/en/what-we-do/communities/india/the-palm-springs.aspx</url>
  <url>http://reskin.emaar.com/en/what-we-do/communities/india/the-palm-springs-plaza.aspx</url>
  <url>http://reskin.emaar.com/en/what-we-do/communities/india/the-palm-square.aspx</url>
  <url>http://reskin.emaar.com/en/what-we-do/communities/lebanon</url>
  <url>http://reskin.emaar.com/en/what-we-do/communities/lebanon/beitmisk.aspx</url>
  <url>http://reskin.emaar.com/en/what-we-do/communities/middle-east</url>
  <url>http://reskin.emaar.com/en/what-we-do/communities/middle-east/al-khobar-lakes-saudi-arabia.aspx</url>
  <url>http://reskin.emaar.com/en/what-we-do/communities/middle-east/jeddah-gate-saudi-arabia.aspx</url>
  <url>http://reskin.emaar.com/en/what-we-do/communities/morocco</url>
  <url>http://reskin.emaar.com/en/what-we-do/communities/morocco/amelkis-resorts.aspx</url>
  <url>http://reskin.emaar.com/en/what-we-do/communities/morocco/tinja.aspx</url>
  <url>http://reskin.emaar.com/en/what-we-do/communities/pakistan</url>
  <url>http://reskin.emaar.com/en/what-we-do/communities/pakistan/canyon-views.aspx</url>
  <url>http://reskin.emaar.com/en/what-we-do/communities/pakistan/crescent-bay.aspx</url>
  <url>http://reskin.emaar.com/en/what-we-do/communities/saudi-arabia</url>
  <url>http://reskin.emaar.com/en/what-we-do/communities/saudi-arabia/king-abdullah-economic-city.aspx</url>
  <url>http://reskin.emaar.com/en/what-we-do/communities/turkey</url>
  <url>http://reskin.emaar.com/en/what-we-do/communities/turkey/emaar-square.aspx</url>
  <url>http://reskin.emaar.com/en/what-we-do/communities/turkey/the-address-residence-istanbul.aspx</url>
  <url>http://reskin.emaar.com/en/what-we-do/communities/turkey/tuscan-valley.aspx</url>
  <url>http://reskin.emaar.com/en/what-we-do/communities/uae</url>
  <url>http://reskin.emaar.com/en/what-we-do/communities/uae/arabian-ranches</url>
  <url>http://reskin.emaar.com/en/what-we-do/communities/uae/arabian-ranches/al-mahra.aspx</url>
  <url>http://reskin.emaar.com/en/what-we-do/communities/uae/arabian-ranches/alma-townhomes.aspx</url>
  <url>http://reskin.emaar.com/en/what-we-do/communities/uae/arabian-ranches/al-reem.aspx</url>
  <url>http://reskin.emaar.com/en/what-we-do/communities/uae/arabian-ranches/alvorada.aspx</url>
  <url>http://reskin.emaar.com/en/what-we-do/communities/uae/arabian-ranches/aseel.aspx</url>
  <url>http://reskin.emaar.com/en/what-we-do/communities/uae/arabian-ranches/azalea.aspx</url>
  <url>http://reskin.emaar.com/en/what-we-do/communities/uae/arabian-ranches/casa-at-arabian-ranches.aspx</url>
  <url>http://reskin.emaar.com/en/what-we-do/communities/uae/arabian-ranches/hattan.aspx</url>
  <url>http://reskin.emaar.com/en/what-we-do/communities/uae/arabian-ranches/la-avenida.aspx</url>
  <url>http://reskin.emaar.com/en/what-we-do/communities/uae/arabian-ranches/lila.aspx</url>
  <url>http://reskin.emaar.com/en/what-we-do/communities/uae/arabian-ranches/mirador.aspx</url>
  <url>http://reskin.emaar.com/en/what-we-do/communities/uae/arabian-ranches/mirador-la-coleccion.aspx</url>
  <url>http://reskin.emaar.com/en/what-we-do/communities/uae/arabian-ranches/palma.aspx</url>
  <url>http://reskin.emaar.com/en/what-we-do/communities/uae/arabian-ranches/palmera.aspx</url>
  <url>http://reskin.emaar.com/en/what-we-do/communities/uae/arabian-ranches/polo-home.aspx</url>
  <url>http://reskin.emaar.com/en/what-we-do/communities/uae/arabian-ranches/rasha.aspx</url>
  <url>http://reskin.emaar.com/en/what-we-do/communities/uae/arabian-ranches/rosa.aspx</url>
  <url>http://reskin.emaar.com/en/what-we-do/communities/uae/arabian-ranches/saheel.aspx</url>
  <url>http://reskin.emaar.com/en/what-we-do/communities/uae/arabian-ranches/samara.aspx</url>
  <url>http://reskin.emaar.com/en/what-we-do/communities/uae/arabian-ranches/savannah.aspx</url>
  <url>http://reskin.emaar.com/en/what-we-do/communities/uae/arabian-ranches/terra-nova.aspx</url>
  <url>http://reskin.emaar.com/en/what-we-do/communities/uae/arabian-ranches/the-golf-homes.aspx</url>
  <url>http://reskin.emaar.com/en/what-we-do/communities/uae/arabian-ranches/yasmin.aspx</url>
  <url>http://reskin.emaar.com/en/what-we-do/communities/uae/downtown-dubai</url>
  <url>http://reskin.emaar.com/en/what-we-do/communities/uae/downtown-dubai/29-boulevard.aspx</url>
  <url>http://reskin.emaar.com/en/what-we-do/communities/uae/downtown-dubai/8-boulevard-walk.aspx</url>
  <url>http://reskin.emaar.com/en/what-we-do/communities/uae/downtown-dubai/armani-residences.aspx</url>
  <url>http://reskin.emaar.com/en/what-we-do/communities/uae/downtown-dubai/blvd-crescent.aspx</url>
  <url>http://reskin.emaar.com/en/what-we-do/communities/uae/downtown-dubai/blvd-heights.aspx</url>
  <url>http://reskin.emaar.com/en/what-we-do/communities/uae/downtown-dubai/boulevard-central.aspx</url>
  <url>http://reskin.emaar.com/en/what-we-do/communities/uae/downtown-dubai/boulevard-plaza.aspx</url>
  <url>http://reskin.emaar.com/en/what-we-do/communities/uae/downtown-dubai/boulevard-point.aspx</url>
  <url>http://reskin.emaar.com/en/what-we-do/communities/uae/downtown-dubai/burj-khalifa-corporate-suites.aspx</url>
  <url>http://reskin.emaar.com/en/what-we-do/communities/uae/downtown-dubai/burj-khalifa-residences.aspx</url>
  <url>http://reskin.emaar.com/en/what-we-do/communities/uae/downtown-dubai/burj-views.aspx</url>
  <url>http://reskin.emaar.com/en/what-we-do/communities/uae/downtown-dubai/burj-vista.aspx</url>
  <url>http://reskin.emaar.com/en/what-we-do/communities/uae/downtown-dubai/claren.aspx</url>
  <url>http://reskin.emaar.com/en/what-we-do/communities/uae/downtown-dubai/downtown-views.aspx</url>
  <url>http://reskin.emaar.com/en/what-we-do/communities/uae/downtown-dubai/emaar-square.aspx</url>
  <url>http://reskin.emaar.com/en/what-we-do/communities/uae/downtown-dubai/sky-collection-at-fountain-view.aspx</url>
  <url>http://reskin.emaar.com/en/what-we-do/communities/uae/downtown-dubai/south-ridge.aspx</url>
  <url>http://reskin.emaar.com/en/what-we-do/communities/uae/downtown-dubai/standpoint.aspx</url>
  <url>http://reskin.emaar.com/en/what-we-do/communities/uae/downtown-dubai/the-address-blvd-sky-collection.aspx</url>
  <url>http://reskin.emaar.com/en/what-we-do/communities/uae/downtown-dubai/the-address-boulevard-dubai.aspx</url>
  <url>http://reskin.emaar.com/en/what-we-do/communities/uae/downtown-dubai/the-address-residence-fountain-views.aspx</url>
  <url>http://reskin.emaar.com/en/what-we-do/communities/uae/downtown-dubai/the-address-residences-downtown-dubai.aspx</url>
  <url>http://reskin.emaar.com/en/what-we-do/communities/uae/downtown-dubai/the-address-residences-dubai-mall.aspx</url>
  <url>http://reskin.emaar.com/en/what-we-do/communities/uae/downtown-dubai/the-address-residence-sky-view.aspx</url>
  <url>http://reskin.emaar.com/en/what-we-do/communities/uae/downtown-dubai/the-address-residence-sky-view-sky-collection.aspx</url>
  <url>http://reskin.emaar.com/en/what-we-do/communities/uae/downtown-dubai/the-lofts.aspx</url>
  <url>http://reskin.emaar.com/en/what-we-do/communities/uae/downtown-dubai/the-old-town.aspx</url>
  <url>http://reskin.emaar.com/en/what-we-do/communities/uae/downtown-dubai/the-old-town-island.aspx</url>
  <url>http://reskin.emaar.com/en/what-we-do/communities/uae/downtown-dubai/the-residences.aspx</url>
  <url>http://reskin.emaar.com/en/what-we-do/communities/uae/downtown-dubai/vida-residence-downtown.aspx</url>
  <url>http://reskin.emaar.com/en/what-we-do/communities/uae/downtown-dubai/vida-residences-sky-collection.aspx</url>
  <url>http://reskin.emaar.com/en/what-we-do/communities/uae/dubai-creek-harbour</url>
  <url>http://reskin.emaar.com/en/what-we-do/communities/uae/dubai-creek-harbour/creekside-18.aspx</url>
  <url>http://reskin.emaar.com/en/what-we-do/communities/uae/dubai-creek-harbour/dubai-creek-residences.aspx</url>
  <url>http://reskin.emaar.com/en/what-we-do/communities/uae/dubai-creek-harbour/harbourviews.aspx</url>
  <url>http://reskin.emaar.com/en/what-we-do/communities/uae/dubai-hills-estate</url>
  <url>http://reskin.emaar.com/en/what-we-do/communities/uae/dubai-hills-estate/acacia-park-heights.aspx</url>
  <url>http://reskin.emaar.com/en/what-we-do/communities/uae/dubai-hills-estate/dubai-hills.aspx</url>
  <url>http://reskin.emaar.com/en/what-we-do/communities/uae/dubai-hills-estate/maple-at-dubai-hills-estate.aspx</url>
  <url>http://reskin.emaar.com/en/what-we-do/communities/uae/dubai-hills-estate/mulberry-park-heights.aspx</url>
  <url>http://reskin.emaar.com/en/what-we-do/communities/uae/dubai-hills-estate/sidra-at-dubai-hills-estate.aspx</url>
  <url>http://reskin.emaar.com/en/what-we-do/communities/uae/dubai-marina</url>
  <url>http://reskin.emaar.com/en/what-we-do/communities/uae/dubai-marina/al-majara.aspx</url>
  <url>http://reskin.emaar.com/en/what-we-do/communities/uae/dubai-marina/al-sahab.aspx</url>
  <url>http://reskin.emaar.com/en/what-we-do/communities/uae/dubai-marina/dubai-marina-towers.aspx</url>
  <url>http://reskin.emaar.com/en/what-we-do/communities/uae/dubai-marina/dubai-marina-walk.aspx</url>
  <url>http://reskin.emaar.com/en/what-we-do/communities/uae/dubai-marina/marina-plaza.aspx</url>
  <url>http://reskin.emaar.com/en/what-we-do/communities/uae/dubai-marina/marina-promenade.aspx</url>
  <url>http://reskin.emaar.com/en/what-we-do/communities/uae/dubai-marina/marina-quays.aspx</url>
  <url>http://reskin.emaar.com/en/what-we-do/communities/uae/dubai-marina/park-island.aspx</url>
  <url>http://reskin.emaar.com/en/what-we-do/communities/uae/emaar-south</url>
  <url>http://reskin.emaar.com/en/what-we-do/communities/uae/emaar-towers</url>
  <url>http://reskin.emaar.com/en/what-we-do/communities/uae/emaar-towers/emaar-towers.aspx</url>
  <url>http://reskin.emaar.com/en/what-we-do/communities/uae/emirates-hills</url>
  <url>http://reskin.emaar.com/en/what-we-do/communities/uae/emirates-hills/dyaar-al-hambra.aspx</url>
  <url>http://reskin.emaar.com/en/what-we-do/communities/uae/emirates-hills/mongomerie-maisonettes.aspx</url>
  <url>http://reskin.emaar.com/en/what-we-do/communities/uae/emirates-hills/montgomerie-hills.aspx</url>
  <url>http://reskin.emaar.com/en/what-we-do/communities/uae/emirates-hills/signature-villas.aspx</url>
  <url>http://reskin.emaar.com/en/what-we-do/communities/uae/reem</url>
  <url>http://reskin.emaar.com/en/what-we-do/communities/uae/reem/mira.aspx</url>
  <url>http://reskin.emaar.com/en/what-we-do/communities/uae/reem/mira-oasis.aspx</url>
  <url>http://reskin.emaar.com/en/what-we-do/communities/uae/the-greens</url>
  <url>http://reskin.emaar.com/en/what-we-do/communities/uae/the-greens/al-alka.aspx</url>
  <url>http://reskin.emaar.com/en/what-we-do/communities/uae/the-greens/al-arta.aspx</url>
  <url>http://reskin.emaar.com/en/what-we-do/communities/uae/the-greens/al-dhafrah.aspx</url>
  <url>http://reskin.emaar.com/en/what-we-do/communities/uae/the-greens/al-ghaf.aspx</url>
  <url>http://reskin.emaar.com/en/what-we-do/communities/uae/the-greens/al-ghozlan.aspx</url>
  <url>http://reskin.emaar.com/en/what-we-do/communities/uae/the-greens/al-jaz.aspx</url>
  <url>http://reskin.emaar.com/en/what-we-do/communities/uae/the-greens/al-nakheel.aspx</url>
  <url>http://reskin.emaar.com/en/what-we-do/communities/uae/the-greens/al-samar.aspx</url>
  <url>http://reskin.emaar.com/en/what-we-do/communities/uae/the-greens/al-sidir.aspx</url>
  <url>http://reskin.emaar.com/en/what-we-do/communities/uae/the-greens/al-thayyal.aspx</url>
  <url>http://reskin.emaar.com/en/what-we-do/communities/uae/the-greens/emaar-business-park.aspx</url>
  <url>http://reskin.emaar.com/en/what-we-do/communities/uae/the-hills</url>
  <url>http://reskin.emaar.com/en/what-we-do/communities/uae/the-hills/the-hills.aspx</url>
  <url>http://reskin.emaar.com/en/what-we-do/communities/uae/the-hills/vida-residences-the-hills.aspx</url>
  <url>http://reskin.emaar.com/en/what-we-do/communities/uae/the-lakes</url>
  <url>http://reskin.emaar.com/en/what-we-do/communities/uae/the-lakes/deema.aspx</url>
  <url>http://reskin.emaar.com/en/what-we-do/communities/uae/the-lakes/forat.aspx</url>
  <url>http://reskin.emaar.com/en/what-we-do/communities/uae/the-lakes/ghadeer.aspx</url>
  <url>http://reskin.emaar.com/en/what-we-do/communities/uae/the-lakes/hattan.aspx</url>
  <url>http://reskin.emaar.com/en/what-we-do/communities/uae/the-lakes/maeen.aspx</url>
  <url>http://reskin.emaar.com/en/what-we-do/communities/uae/the-lakes/zulal.aspx</url>
  <url>http://reskin.emaar.com/en/what-we-do/communities/uae/the-meadows</url>
  <url>http://reskin.emaar.com/en/what-we-do/communities/uae/the-meadows/meadows-1.aspx</url>
  <url>http://reskin.emaar.com/en/what-we-do/communities/uae/the-opera-district</url>
  <url>http://reskin.emaar.com/en/what-we-do/communities/uae/the-opera-district/dubai-opera.aspx</url>
  <url>http://reskin.emaar.com/en/what-we-do/communities/uae/the-opera-district/forte.aspx</url>
  <url>http://reskin.emaar.com/en/what-we-do/communities/uae/the-opera-district/opera-grand.aspx</url>
  <url>http://reskin.emaar.com/en/what-we-do/communities/uae/the-opera-district/the-address-residences-dubai-opera.aspx</url>
  <url>http://reskin.emaar.com/en/what-we-do/communities/uae/the-springs</url>
  <url>http://reskin.emaar.com/en/what-we-do/communities/uae/the-views</url>
  <url>http://reskin.emaar.com/en/what-we-do/communities/uae/the-views/arno.aspx</url>
  <url>http://reskin.emaar.com/en/what-we-do/communities/uae/the-views/canal-villas.aspx</url>
  <url>http://reskin.emaar.com/en/what-we-do/communities/uae/the-views/golf-towers.aspx</url>
  <url>http://reskin.emaar.com/en/what-we-do/communities/uae/the-views/mosela.aspx</url>
  <url>http://reskin.emaar.com/en/what-we-do/communities/uae/the-views/panorama-at-the-views.aspx</url>
  <url>http://reskin.emaar.com/en/what-we-do/communities/uae/the-views/the-fairways.aspx</url>
  <url>http://reskin.emaar.com/en/what-we-do/communities/uae/the-views/the-links.aspx</url>
  <url>http://reskin.emaar.com/en/what-we-do/communities/uae/the-views/travo.aspx</url>
  <url>http://reskin.emaar.com/en/what-we-do/communities/uae/the-views/turia.aspx</url>
  <url>http://reskin.emaar.com/en/what-we-do/communities/uae/the-views/una.aspx</url>
  <url>http://reskin.emaar.com/en/what-we-do/communities/uae/umm-al-quwain-mistral</url>
  <url>http://reskin.emaar.com/en/what-we-do/communities/usa</url>
  <url>http://reskin.emaar.com/en/what-we-do/communities/usa/beverly-west-residences.aspx</url>
  <url>http://reskin.emaar.com/en/what-we-do/community-construction-updates</url>
  <url>http://reskin.emaar.com/en/what-we-do/community-construction-updates/arabian-ranches</url>
  <url>http://reskin.emaar.com/en/what-we-do/community-construction-updates/arabian-ranches/aseel.aspx</url>
  <url>http://reskin.emaar.com/en/what-we-do/community-construction-updates/arabian-ranches/azalea.aspx</url>
  <url>http://reskin.emaar.com/en/what-we-do/community-construction-updates/arabian-ranches/lila.aspx</url>
  <url>http://reskin.emaar.com/en/what-we-do/community-construction-updates/arabian-ranches/rasha.aspx</url>
  <url>http://reskin.emaar.com/en/what-we-do/community-construction-updates/arabian-ranches/reem-community.aspx</url>
  <url>http://reskin.emaar.com/en/what-we-do/community-construction-updates/arabian-ranches/rosa.aspx</url>
  <url>http://reskin.emaar.com/en/what-we-do/community-construction-updates/arabian-ranches/samara.aspx</url>
  <url>http://reskin.emaar.com/en/what-we-do/community-construction-updates/arabian-ranches/yasmin.aspx</url>
  <url>http://reskin.emaar.com/en/what-we-do/community-construction-updates/downtown-dubai</url>
  <url>http://reskin.emaar.com/en/what-we-do/community-construction-updates/downtown-dubai/act-one-act-two.aspx</url>
  <url>http://reskin.emaar.com/en/what-we-do/community-construction-updates/downtown-dubai/blvd-crescent.aspx</url>
  <url>http://reskin.emaar.com/en/what-we-do/community-construction-updates/downtown-dubai/blvd-heights.aspx</url>
  <url>http://reskin.emaar.com/en/what-we-do/community-construction-updates/downtown-dubai/boulevard-point.aspx</url>
  <url>http://reskin.emaar.com/en/what-we-do/community-construction-updates/downtown-dubai/burj-vista.aspx</url>
  <url>http://reskin.emaar.com/en/what-we-do/community-construction-updates/downtown-dubai/downtown-views.aspx</url>
  <url>http://reskin.emaar.com/en/what-we-do/community-construction-updates/downtown-dubai/forte.aspx</url>
  <url>http://reskin.emaar.com/en/what-we-do/community-construction-updates/downtown-dubai/Il-Primo.aspx</url>
  <url>http://reskin.emaar.com/en/what-we-do/community-construction-updates/downtown-dubai/opera-grand.aspx</url>
  <url>http://reskin.emaar.com/en/what-we-do/community-construction-updates/downtown-dubai/the-address-residences-dubai-opera.aspx</url>
  <url>http://reskin.emaar.com/en/what-we-do/community-construction-updates/downtown-dubai/the-address-residences-fountain-views.aspx</url>
  <url>http://reskin.emaar.com/en/what-we-do/community-construction-updates/downtown-dubai/the-address-residences-sky-view.aspx</url>
  <url>http://reskin.emaar.com/en/what-we-do/community-construction-updates/downtown-dubai/vida-residences-downtown-dubai.aspx</url>
  <url>http://reskin.emaar.com/en/what-we-do/community-construction-updates/dubai-creek-harbour</url>
  <url>http://reskin.emaar.com/en/what-we-do/community-construction-updates/dubai-creek-harbour/creek_horizon.aspx</url>
  <url>http://reskin.emaar.com/en/what-we-do/community-construction-updates/dubai-creek-harbour/creek-gate.aspx</url>
  <url>http://reskin.emaar.com/en/what-we-do/community-construction-updates/dubai-creek-harbour/creekside-18.aspx</url>
  <url>http://reskin.emaar.com/en/what-we-do/community-construction-updates/dubai-creek-harbour/dubai-creek-residences.aspx</url>
  <url>http://reskin.emaar.com/en/what-we-do/community-construction-updates/dubai-creek-harbour/harbour-gate.aspx</url>
  <url>http://reskin.emaar.com/en/what-we-do/community-construction-updates/dubai-creek-harbour/harbour-views.aspx</url>
  <url>http://reskin.emaar.com/en/what-we-do/community-construction-updates/dubai-creek-harbour/the_cove.aspx</url>
  <url>http://reskin.emaar.com/en/what-we-do/community-construction-updates/dubai-hills-estate</url>
  <url>http://reskin.emaar.com/en/what-we-do/community-construction-updates/dubai-hills-estate/acaciaat-park-heights.aspx</url>
  <url>http://reskin.emaar.com/en/what-we-do/community-construction-updates/dubai-hills-estate/dubai-hills.aspx</url>
  <url>http://reskin.emaar.com/en/what-we-do/community-construction-updates/dubai-hills-estate/Fairway-Vistas.aspx</url>
  <url>http://reskin.emaar.com/en/what-we-do/community-construction-updates/dubai-hills-estate/maple.aspx</url>
  <url>http://reskin.emaar.com/en/what-we-do/community-construction-updates/dubai-hills-estate/mulberry-at-park-heights.aspx</url>
  <url>http://reskin.emaar.com/en/what-we-do/community-construction-updates/dubai-hills-estate/park-heights.aspx</url>
  <url>http://reskin.emaar.com/en/what-we-do/community-construction-updates/dubai-hills-estate/park-point.aspx</url>
  <url>http://reskin.emaar.com/en/what-we-do/community-construction-updates/dubai-hills-estate/parkway-vistas.aspx</url>
  <url>http://reskin.emaar.com/en/what-we-do/community-construction-updates/dubai-hills-estate/Sidra.aspx</url>
  <url>http://reskin.emaar.com/en/what-we-do/community-construction-updates/dubai-marina</url>
  <url>http://reskin.emaar.com/en/what-we-do/community-construction-updates/dubai-marina/52-42.aspx</url>
  <url>http://reskin.emaar.com/en/what-we-do/community-construction-updates/dubai-marina/vida-dubai-marina.aspx</url>
  <url>http://reskin.emaar.com/en/what-we-do/community-construction-updates/emaar-south</url>
  <url>http://reskin.emaar.com/en/what-we-do/community-construction-updates/emaar-south/golf-views.aspx</url>
  <url>http://reskin.emaar.com/en/what-we-do/community-construction-updates/emaar-south/urbana.aspx</url>
  <url>http://reskin.emaar.com/en/what-we-do/community-construction-updates/reem</url>
  <url>http://reskin.emaar.com/en/what-we-do/community-construction-updates/reem/mira-oasis.aspx</url>
  <url>http://reskin.emaar.com/en/what-we-do/community-construction-updates/the-hills</url>
  <url>http://reskin.emaar.com/en/what-we-do/community-construction-updates/the-hills/the-hills-and-vida-residence-the-hills.aspx</url>
  <url>http://reskin.emaar.com/en/what-we-do/community-management</url>
  <url>http://reskin.emaar.com/en/what-we-do/entertainment</url>
  <url>http://reskin.emaar.com/en/what-we-do/entertainment/dubai-aquarium-and-underwater-zoo.aspx</url>
  <url>http://reskin.emaar.com/en/what-we-do/entertainment/dubai-ice-rink.aspx</url>
  <url>http://reskin.emaar.com/en/what-we-do/entertainment/dubai-opera.aspx</url>
  <url>http://reskin.emaar.com/en/what-we-do/entertainment/kidzania.aspx</url>
  <url>http://reskin.emaar.com/en/what-we-do/entertainment/reel-cinemas.aspx</url>
  <url>http://reskin.emaar.com/en/what-we-do/hospitality</url>
  <url>http://reskin.emaar.com/en/what-we-do/hospitality/address-hotels-resorts</url>
  <url>http://reskin.emaar.com/en/what-we-do/hospitality/address-hotels-resorts/address-boulevard.aspx</url>
  <url>http://reskin.emaar.com/en/what-we-do/hospitality/address-hotels-resorts/address-downtown.aspx</url>
  <url>http://reskin.emaar.com/en/what-we-do/hospitality/address-hotels-resorts/address-dubai-mall.aspx</url>
  <url>http://reskin.emaar.com/en/what-we-do/hospitality/address-hotels-resorts/address-dubai-marina.aspx</url>
  <url>http://reskin.emaar.com/en/what-we-do/hospitality/address-hotels-resorts/address-montgomerie.aspx</url>
  <url>http://reskin.emaar.com/en/what-we-do/hospitality/emaar-leisure-group</url>
  <url>http://reskin.emaar.com/en/what-we-do/hospitality/emaar-leisure-group/arabian-ranches-golf-club.aspx</url>
  <url>http://reskin.emaar.com/en/what-we-do/hospitality/emaar-leisure-group/dubai-polo-and-equestrian-club.aspx</url>
  <url>http://reskin.emaar.com/en/what-we-do/hospitality/hotels-and-resorts</url>
  <url>http://reskin.emaar.com/en/what-we-do/hospitality/hotels-and-resorts/armani-hotel-dubai.aspx</url>
  <url>http://reskin.emaar.com/en/what-we-do/hospitality/hotels-and-resorts/armani-hotel-milano.aspx</url>
  <url>http://reskin.emaar.com/en/what-we-do/hospitality/lifestyle-dining</url>
  <url>http://reskin.emaar.com/en/what-we-do/hospitality/lifestyle-dining/atmosphere-burj-khalifa.aspx</url>
  <url>http://reskin.emaar.com/en/what-we-do/hospitality/lifestyle-dining/la-serre.aspx</url>
  <url>http://reskin.emaar.com/en/what-we-do/hospitality/manzil-downtown.aspx</url>
  <url>http://reskin.emaar.com/en/what-we-do/hospitality/rove-hotels</url>
  <url>http://reskin.emaar.com/en/what-we-do/hospitality/rove-hotels/rove-city-centre.aspx</url>
  <url>http://reskin.emaar.com/en/what-we-do/hospitality/rove-hotels/rove-downtown.aspx</url>
  <url>http://reskin.emaar.com/en/what-we-do/hospitality/rove-hotels/rove-healthcare-city.aspx</url>
  <url>http://reskin.emaar.com/en/what-we-do/hospitality/rove-hotels/rove-trade-centre.aspx</url>
  <url>http://reskin.emaar.com/en/what-we-do/hospitality/the-palace-downtown.aspx</url>
  <url>http://reskin.emaar.com/en/what-we-do/hospitality/vida-hotels-and-resorts</url>
  <url>http://reskin.emaar.com/en/what-we-do/hospitality/vida-hotels-and-resorts/vida-downtown.aspx</url>
  <url>http://reskin.emaar.com/en/what-we-do/Industries-Investment.aspx</url>
  <url>http://reskin.emaar.com/en/what-we-do/international-communities</url>
  <url>http://reskin.emaar.com/en/what-we-do/international-communities/egypt.aspx</url>
  <url>http://reskin.emaar.com/en/what-we-do/international-communities/india.aspx</url>
  <url>http://reskin.emaar.com/en/what-we-do/international-communities/lebanon.aspx</url>
  <url>http://reskin.emaar.com/en/what-we-do/international-communities/middle-east.aspx</url>
  <url>http://reskin.emaar.com/en/what-we-do/international-communities/morocco.aspx</url>
  <url>http://reskin.emaar.com/en/what-we-do/international-communities/pakistan.aspx</url>
  <url>http://reskin.emaar.com/en/what-we-do/international-communities/saudi-arabia.aspx</url>
  <url>http://reskin.emaar.com/en/what-we-do/international-communities/turkey.aspx</url>
  <url>http://reskin.emaar.com/en/what-we-do/international-communities/usa.aspx</url>
  <url>http://reskin.emaar.com/en/what-we-do/malls</url>
  <url>http://reskin.emaar.com/en/what-we-do/malls/dubai-marina-mall.aspx</url>
  <url>http://reskin.emaar.com/en/what-we-do/malls/gold-and-diamond-park.aspx</url>
  <url>http://reskin.emaar.com/en/what-we-do/malls/souk-al-bahar.aspx</url>
  <url>http://reskin.emaar.com/en/what-we-do/malls/the-dubai-mall.aspx</url>
  <url>http://reskin.emaar.com/en/what-we-do/malls/the-ranches-souk.aspx</url>
  <url>http://reskin.emaar.com/en/what-we-do/technologies.aspx</url>
  <url>http://reskin.emaar.com/en/who-we-are/</url>
  <url>http://reskin.emaar.com/en/who-we-are/awards.aspx</url>
  <url>http://reskin.emaar.com/en/who-we-are/emaarfoundation</url>
  <url>http://reskin.emaar.com/en/who-we-are/emaarfoundation/apply.aspx</url>
  <url>http://reskin.emaar.com/en/who-we-are/emaarfoundation/beit-al-noor-endowment.aspx</url>
  <url>http://reskin.emaar.com/en/who-we-are/environment-policy.aspx</url>
  <url>http://reskin.emaar.com/en/who-we-are/group-structure.aspx</url>
  <url>http://reskin.emaar.com/en/who-we-are/leadership</url>
  <url>http://reskin.emaar.com/en/who-we-are/leadership/board-of-directors.aspx</url>
  <url>http://reskin.emaar.com/en/who-we-are/leadership/chairman-message.aspx</url>
  <url>http://reskin.emaar.com/en/who-we-are/leadership/principal-officers.aspx</url>
  <url>http://reskin.emaar.com/en/who-we-are/lifestyle-guide</url>
  <url>http://reskin.emaar.com/en/who-we-are/lifestyle-guide/10-activities-you-can-do-in-downtown-dubai.aspx</url>
  <url>http://reskin.emaar.com/en/who-we-are/lifestyle-guide/5-great-ways-to-decorate-that-empty-room.aspx</url>
  <url>http://reskin.emaar.com/en/who-we-are/lifestyle-guide/5-interior-design-trends-to-try-in-2016.aspx</url>
  <url>http://reskin.emaar.com/en/who-we-are/lifestyle-guide/a-glimpse-of-the-best-things-to-do-in-dubai.aspx</url>
  <url>http://reskin.emaar.com/en/who-we-are/lifestyle-guide/best-places-for-ramadan-iftar-suhoor-in-dubai.aspx</url>
  <url>http://reskin.emaar.com/en/who-we-are/lifestyle-guide/Easy-street-buying-home.aspx</url>
  <url>http://reskin.emaar.com/en/who-we-are/lifestyle-guide/Places-to-celebrate-watch-parades-the-national-day.aspx</url>
  <url>http://reskin.emaar.com/en/who-we-are/lifestyle-guide/take-a-tour-around-the-largest-man-made-marina.aspx</url>
  <url>http://reskin.emaar.com/en/who-we-are/lifestyle-guide/tee-time-with-emaar.aspx</url>
  <url>http://reskin.emaar.com/en/who-we-are/lifestyle-guide/the-best-flowers-to-grow-outdoors-during-dubai.aspx</url>
  <url>http://reskin.emaar.com/en/who-we-are/lifestyle-guide/turn-your-outdoor-area-into-natural-haven-with-these.aspx</url>
  <url>http://reskin.emaar.com/en/who-we-are/lifestyle-guide/why-emaars-e-services.aspx</url>
  <url>http://reskin.emaar.com/en/who-we-are/lifestyle-guide/Your-Guide-to-the-Arabian-Ranches.aspx</url>
  <url>http://reskin.emaar.com/en/who-we-are/timeline.aspx</url>
</urls>

