<?xml version="1.0" encoding="UTF-8"?><?xml-stylesheet type='text/xsl' href='_UpgradeReport_Files/UpgradeReport.xslt'?><UpgradeLog>
<Properties><Property Name="Solution" Value="Kidzania.Web.Tridion.BuildingBlocks">
</Property><Property Name="Solution File" Value="D:\working area\Kidzania.Web.Tridion.BuildingBlocks\Kidzania.Web.Tridion.BuildingBlocks\Kidzania.Web.Tridion.BuildingBlocks.sln">
</Property><Property Name="User Options File" Value="D:\working area\Kidzania.Web.Tridion.BuildingBlocks\Kidzania.Web.Tridion.BuildingBlocks\Kidzania.Web.Tridion.BuildingBlocks.suo">
</Property><Property Name="Date" Value="Wednesday, February 13, 2013">
</Property><Property Name="Time" Value="9:25 AM">
</Property></Properties><Event ErrorLevel="0" Project="" Source="Kidzania.Web.Tridion.BuildingBlocks.sln" Description="File successfully backed up as D:\working area\Kidzania.Web.Tridion.BuildingBlocks\Kidzania.Web.Tridion.BuildingBlocks\Backup\Kidzania.Web.Tridion.BuildingBlocks.sln">
</Event><Event ErrorLevel="0" Project="" Source="Kidzania.Web.Tridion.BuildingBlocks.suo" Description="File successfully backed up as D:\working area\Kidzania.Web.Tridion.BuildingBlocks\Kidzania.Web.Tridion.BuildingBlocks\Backup\Kidzania.Web.Tridion.BuildingBlocks.suo">
</Event><Event ErrorLevel="0" Project="Kidzania.Web.Tridion.BuildingBlocks" Source="Kidzania.Web.Tridion.BuildingBlocks\Kidzania.Web.Tridion.BuildingBlocks.csproj" Description="Project file successfully backed up as D:\working area\Kidzania.Web.Tridion.BuildingBlocks\Kidzania.Web.Tridion.BuildingBlocks\Backup\Kidzania.Web.Tridion.BuildingBlocks\Kidzania.Web.Tridion.BuildingBlocks.csproj">
</Event><Event ErrorLevel="0" Project="Kidzania.Web.Tridion.BuildingBlocks" Source="Kidzania.Web.Tridion.BuildingBlocks\Base\IXSLTHelper.cs" Description="File successfully backed up as D:\working area\Kidzania.Web.Tridion.BuildingBlocks\Kidzania.Web.Tridion.BuildingBlocks\Backup\Kidzania.Web.Tridion.BuildingBlocks\Base\IXSLTHelper.cs">
</Event><Event ErrorLevel="0" Project="Kidzania.Web.Tridion.BuildingBlocks" Source="Kidzania.Web.Tridion.BuildingBlocks\Base\ListItem.cs" Description="File successfully backed up as D:\working area\Kidzania.Web.Tridion.BuildingBlocks\Kidzania.Web.Tridion.BuildingBlocks\Backup\Kidzania.Web.Tridion.BuildingBlocks\Base\ListItem.cs">
</Event><Event ErrorLevel="0" Project="Kidzania.Web.Tridion.BuildingBlocks" Source="Kidzania.Web.Tridion.BuildingBlocks\Base\TemplateBase.cs" Description="File successfully backed up as D:\working area\Kidzania.Web.Tridion.BuildingBlocks\Kidzania.Web.Tridion.BuildingBlocks\Backup\Kidzania.Web.Tridion.BuildingBlocks\Base\TemplateBase.cs">
</Event><Event ErrorLevel="0" Project="Kidzania.Web.Tridion.BuildingBlocks" Source="Kidzania.Web.Tridion.BuildingBlocks\Base\TridionCollection.cs" Description="File successfully backed up as D:\working area\Kidzania.Web.Tridion.BuildingBlocks\Kidzania.Web.Tridion.BuildingBlocks\Backup\Kidzania.Web.Tridion.BuildingBlocks\Base\TridionCollection.cs">
</Event><Event ErrorLevel="0" Project="Kidzania.Web.Tridion.BuildingBlocks" Source="Kidzania.Web.Tridion.BuildingBlocks\Base\TridionCollectionBase.cs" Description="File successfully backed up as D:\working area\Kidzania.Web.Tridion.BuildingBlocks\Kidzania.Web.Tridion.BuildingBlocks\Backup\Kidzania.Web.Tridion.BuildingBlocks\Base\TridionCollectionBase.cs">
</Event><Event ErrorLevel="0" Project="Kidzania.Web.Tridion.BuildingBlocks" Source="Kidzania.Web.Tridion.BuildingBlocks\Base\TridionXSLTHelperNSAttribute.cs" Description="File successfully backed up as D:\working area\Kidzania.Web.Tridion.BuildingBlocks\Kidzania.Web.Tridion.BuildingBlocks\Backup\Kidzania.Web.Tridion.BuildingBlocks\Base\TridionXSLTHelperNSAttribute.cs">
</Event><Event ErrorLevel="0" Project="Kidzania.Web.Tridion.BuildingBlocks" Source="Kidzania.Web.Tridion.BuildingBlocks\Base\Utilities.cs" Description="File successfully backed up as D:\working area\Kidzania.Web.Tridion.BuildingBlocks\Kidzania.Web.Tridion.BuildingBlocks\Backup\Kidzania.Web.Tridion.BuildingBlocks\Base\Utilities.cs">
</Event><Event ErrorLevel="0" Project="Kidzania.Web.Tridion.BuildingBlocks" Source="Kidzania.Web.Tridion.BuildingBlocks\Base\XmlNoNamespaceWriter.cs" Description="File successfully backed up as D:\working area\Kidzania.Web.Tridion.BuildingBlocks\Kidzania.Web.Tridion.BuildingBlocks\Backup\Kidzania.Web.Tridion.BuildingBlocks\Base\XmlNoNamespaceWriter.cs">
</Event><Event ErrorLevel="0" Project="Kidzania.Web.Tridion.BuildingBlocks" Source="Kidzania.Web.Tridion.BuildingBlocks\Templates\ControlTagData.cs" Description="File successfully backed up as D:\working area\Kidzania.Web.Tridion.BuildingBlocks\Kidzania.Web.Tridion.BuildingBlocks\Backup\Kidzania.Web.Tridion.BuildingBlocks\Templates\ControlTagData.cs">
</Event><Event ErrorLevel="0" Project="Kidzania.Web.Tridion.BuildingBlocks" Source="Kidzania.Web.Tridion.BuildingBlocks\Templates\GetHeaderInformation.cs" Description="File successfully backed up as D:\working area\Kidzania.Web.Tridion.BuildingBlocks\Kidzania.Web.Tridion.BuildingBlocks\Backup\Kidzania.Web.Tridion.BuildingBlocks\Templates\GetHeaderInformation.cs">
</Event><Event ErrorLevel="0" Project="Kidzania.Web.Tridion.BuildingBlocks" Source="Kidzania.Web.Tridion.BuildingBlocks\Templates\GetSiteSpesificPageData.cs" Description="File successfully backed up as D:\working area\Kidzania.Web.Tridion.BuildingBlocks\Kidzania.Web.Tridion.BuildingBlocks\Backup\Kidzania.Web.Tridion.BuildingBlocks\Templates\GetSiteSpesificPageData.cs">
</Event><Event ErrorLevel="0" Project="Kidzania.Web.Tridion.BuildingBlocks" Source="Kidzania.Web.Tridion.BuildingBlocks\Templates\Navigation.cs" Description="File successfully backed up as D:\working area\Kidzania.Web.Tridion.BuildingBlocks\Kidzania.Web.Tridion.BuildingBlocks\Backup\Kidzania.Web.Tridion.BuildingBlocks\Templates\Navigation.cs">
</Event><Event ErrorLevel="0" Project="Kidzania.Web.Tridion.BuildingBlocks" Source="Kidzania.Web.Tridion.BuildingBlocks\Properties\AssemblyInfo.cs" Description="File successfully backed up as D:\working area\Kidzania.Web.Tridion.BuildingBlocks\Kidzania.Web.Tridion.BuildingBlocks\Backup\Kidzania.Web.Tridion.BuildingBlocks\Properties\AssemblyInfo.cs">
</Event><Event ErrorLevel="0" Project="Kidzania.Web.Tridion.BuildingBlocks" Source="Kidzania.Web.Tridion.BuildingBlocks\Templates\PublishNavigation.cs" Description="File successfully backed up as D:\working area\Kidzania.Web.Tridion.BuildingBlocks\Kidzania.Web.Tridion.BuildingBlocks\Backup\Kidzania.Web.Tridion.BuildingBlocks\Templates\PublishNavigation.cs">
</Event><Event ErrorLevel="1" Project="Kidzania.Web.Tridion.BuildingBlocks" Source="Kidzania.Web.Tridion.BuildingBlocks\Kidzania.Web.Tridion.BuildingBlocks.csproj" Description="Your project is targeting .NET Framework 2.0 or 3.0. If your project uses assemblies requiring a newer .NET Framework, your project will fail to build. You can change the .NET Framework version by clicking Properties on the project menu and then selecting a new version in the '.NET Framework' dropdown box. (In Visual Basic, this is located on the Compile tab by clicking the 'Advanced Compiler Options...' button.)">
</Event><Event ErrorLevel="0" Project="Kidzania.Web.Tridion.BuildingBlocks" Source="Kidzania.Web.Tridion.BuildingBlocks\Kidzania.Web.Tridion.BuildingBlocks.csproj" Description="Project converted successfully">
</Event><Event ErrorLevel="3" Project="Kidzania.Web.Tridion.BuildingBlocks" Source="Kidzania.Web.Tridion.BuildingBlocks\Kidzania.Web.Tridion.BuildingBlocks.csproj" Description="Converted">
</Event><Event ErrorLevel="0" Project="" Source="Kidzania.Web.Tridion.BuildingBlocks.sln" Description="Solution converted successfully">
</Event><Event ErrorLevel="3" Project="" Source="Kidzania.Web.Tridion.BuildingBlocks.sln" Description="Converted">
</Event><Event ErrorLevel="0" Project="Kidzania.Web.Tridion.BuildingBlocks" Source="Kidzania.Web.Tridion.BuildingBlocks\Kidzania.Web.Tridion.BuildingBlocks.csproj" Description="Scan complete: Upgrade not required for project files.">
</Event></UpgradeLog>