<?xml version="1.0" encoding="UTF-8"?>
<Configuration Version="7.1"
               xmlns:xsi="http://www.w3.org/2001/XMLSchema-instance"
               xsi:noNamespaceSchemaLocation="schemas/cd_ambient_conf.xsd">
    <Security>
        <RequestValidator>com.tridion.webservices.security.validator.OAuth2RequestValidator</RequestValidator>
        <SharedSecret>sample_passphrase</SharedSecret>
        <!-- Ambient data framework claims forwarding is enabled for the requests coming from white listed IP addresses. -->
        <!--  
        <WhiteList>
            <IPAddresses>               
                <Ip>200.0.0.0-255.0.0.0</Ip>
                <Ip>127.0.0.1</Ip>                
            </IPAddresses>          
        </WhiteList>
        -->
        <!-- Ambient data framework claims forwarding is allowed only for claims listed in this section. -->
        <!-- 
        <GloballyAcceptedClaims>
            <Claim Uri="taf:tracking:id"/>
        </GloballyAcceptedClaims>
         -->
        <!-- Header and cookie validation options -->
        <!--
        <HeaderValidation>
            <DigestKey>sample_passphrase</DigestKey>
            <GracePeriodEndDate>2012-01-01T12:00:00</GracePeriodEndDate>
        </HeaderValidation>
        -->
    </Security>

    <!-- Excluded Paths -->
    <!-- You can add paths relative to the context path for which the Ambient Framework Filter shouldn't execute.
    This is very probable to happen when you map the Ambient Framework Filter to /* path.
    You may want to exclude, for example, the path with which the upload servlet is mapped to. -->
    <!--
    <ExcludedPaths>
		<Path>/httpupload</Path>
	</ExcludedPaths>
    -->
    <Cartridges>
        <!-- Example cartridge definition -->
        <!-- You can hook into and use the Ambient Data Framework by implementing cartridges. 
        This is how a cartridge XML configuration files can be specified. -->
        <!--
        <Cartridge File="cd_ambient_cartridge_conf.xml"/>
        -->
        
        <!-- UGC cartridge definition. -->
        <!--
        <Cartridge File="ugc_ambient_cartridge.xml"/>
        -->
    </Cartridges>
    <!-- Cookies settings -->
    <!--
    <Cookies>
        <CookieClaim DefaultValue="true" Name="CookieClaim"/>
        <Cookie Type="Tracking" Name="myTrackingCookie" Path="/"/>
        <Cookie Type="Session" Name="mySessionCookie" Path="/"/>
        <Cookie Type="ADF" Name="TAFContext" />
    </Cookies>
    -->
</Configuration>
