<?xml version="1.0" encoding="UTF-8"?>
<CartridgeDefinition Version="7.1" Uri="tcd:cartridge:example" Description="Example cartridge."
         xmlns:xsi="http://www.w3.org/2001/XMLSchema-instance"
         xsi:noNamespaceSchemaLocation="schemas/cd_ambient_cartridge_conf.xsd">
	<ClaimDefinitions>
		<ClaimDefinition Uri="tcd:claim:userid" Scope="SESSION" Description="The user's unique identifier." />
		<ClaimDefinition Uri="tcd:claim:username" Scope="SESSION" Description="The user's full name." />
		<ClaimDefinition Uri="tcd:claim:usersex" Scope="SESSION" Description="The user's sex (M or F)." />
		<ClaimDefinition Uri="tcd:claim:userage" Scope="SESSION" Description="The user's age in years." />
	</ClaimDefinitions>

	<ClaimProcessorDefinitions>
		<ClaimProcessorDefinition Uri="tcd:claimprocessor:example:userdetails" ImplementationClass="com.tridion.ambientdata.processing.ExampleClaimProcessor1"
							Description="Example claim processor that gets user details.">
			<RequestStart>
				<InputClaims>
					<ClaimDefinition Uri="tcd:claim:userid" />
				</InputClaims>
				<OutputClaims>
					<ClaimDefinition Uri="tcd:claim:username" />
					<ClaimDefinition Uri="tcd:claim:usersex" />
					<ClaimDefinition Uri="tcd:claim:userage" />
				</OutputClaims>
			</RequestStart>
		</ClaimProcessorDefinition>

		<ClaimProcessorDefinition Uri="tcd:claimprocessor:example:example2"
							ConfigProviderClass="com.tridion.ambientdata.processing.ExampleClaimProcessorConfigProvider" />
	</ClaimProcessorDefinitions>
</CartridgeDefinition>
