<?xml version="1.0" encoding="UTF-8"?>
<!-- The Tridion Linking configuration specifies all configuration values
 to enable the linking functionality.                                   -->
<Configuration Version="7.1"
         xmlns:xsi="http://www.w3.org/2001/XMLSchema-instance"
         xsi:noNamespaceSchemaLocation="schemas/cd_link_conf.xsd">
  <!-- The Publications element is a container for separate Publication elements. -->
  <Publications>
    <!-- The publication element allows you to specify Publication specific settings.
               The Id indicates the id of the publication. This should be a number. -->

    <!-- The Host element allows you to specify information about the site that
                   can be used to create URLs for Dynamic Links.
                   The following attributes are specified:
                      Domain    The domain of the website, for example www.tridion.com. The default domain is localhost.
                      Port      The port of the website, for instance 8080. The default port is 80.
                      Path      The path of the virtual directory of your website. The default path is /.
                      Protocol  The protocol used for the website. The default protocol is http. -->
    <!--<Host Domain="localhost" Port="80" Path=""/>-->
    <!-- The Linking element allows you to specify additional information about
                   the generation of links.
                   The following attributes can be specified:
                      ComponentAnchors     Indicates if anchors should be added to Component
                                           Links so the browser jumps to the position of the
                                           targetted Component Presentation (true or false).
                      AddComponentLinkInfo Indicates if additional information should be
                                           added to the QueryString of a ComponentLink URL.
                                           This information is used by the WAI for ComponentLinkTracking,
                                           so if this functionality is used, the value should be set to true. -->
    <!--<Linking ComponentAnchors="false" AddComponentLinkInfo="false"/>-->


    <Publication Id="168">
    </Publication>

    <Publication Id="165">
    </Publication>


    <Publication Id="160">
    </Publication>


    <Publication Id="158">
    </Publication>


    <Publication Id="130">

    </Publication>

    <Publication Id="3">

    </Publication>

    <Publication Id="113" >

    </Publication>

    <Publication Id="127">

    </Publication>

    <Publication Id="123">

    </Publication>

    <Publication Id="87">

    </Publication>

    <Publication Id="90">

    </Publication>

    <Publication Id="93">

    </Publication>

    <Publication Id="94">

    </Publication>

    <Publication Id="103">

    </Publication>

    <Publication Id="62">

    </Publication>

    <Publication Id="120">

    </Publication>

    <Publication Id="35">

    </Publication>

    <Publication Id="37">

    </Publication>

    <Publication Id="100">

    </Publication>

    <Publication Id="81">

    </Publication>

    <Publication Id="51">

    </Publication>

    <Publication Id="41">

    </Publication>

    <Publication Id="43">

    </Publication>

    <Publication Id="48">

    </Publication>

    <Publication Id="97">

    </Publication>

    <Publication Id="84">

    </Publication>

    <Publication Id="56">

    </Publication>

    <Publication Id="45">

    </Publication>

    <Publication Id="4">

    </Publication>

    <Publication Id="7">

    </Publication>

    <Publication Id="17">

    </Publication>


    <Publication Id="22"></Publication>
    <Publication Id="133"></Publication>
    <Publication Id="137"></Publication>
    <Publication Id="140"></Publication>
    <Publication Id="143"></Publication>
    <Publication Id="147"></Publication>
    <Publication Id="149"></Publication>
    <Publication Id="163"></Publication>
    <Publication Id="171"></Publication>
    <Publication Id="176"></Publication>
    <Publication Id="186"></Publication>
    <Publication Id="190"></Publication>
    <Publication Id="193"></Publication>
    <Publication Id="196"></Publication>
    <Publication Id="199"></Publication>
    <Publication Id="202"></Publication>
    <Publication Id="59"></Publication>
    <Publication Id="206"></Publication>
    <Publication Id="208"></Publication>
    <Publication Id="214"></Publication>
    <Publication Id="215"></Publication>
	<Publication Id="223"></Publication>
	<Publication Id="226"></Publication>
	<Publication Id="228"></Publication>
<Publication Id="232"></Publication>
<Publication Id="233"></Publication>
  </Publications>

  <!--
     Specifies the location of the license file.
     -->
  <License Location="E:\Program Files\Tridion\config\cd_licenses.xml"/>
</Configuration>
