<?xml version="1.0" encoding="UTF-8"?>
<Configuration Version="7.1"
         xmlns:xsi="http://www.w3.org/2001/XMLSchema-instance"
         xsi:noNamespaceSchemaLocation="schemas/cd_storage_conf.xsd">
  <Global>
    <!--Optional:-->
    <ObjectCache Enabled="false">
      <!--Optional:-->
      <Policy Type="LRU" Class="com.tridion.cache.LRUPolicy">
        <!--
					The maximum size of memory used by the cache. The string must consist a number 
					followed by units: "k" or "kb" for kilobytes; "m" or "mb" for megabytes (case insensitive)
				-->
        <Param Name="MemSize" Value="16mb"/>
      </Policy>

      <!--Optional:-->
      <!-- The Features element specifies classes that add additional functionality to the cache. -->
      <Features>
        <Feature Type="DependencyTracker" Class="com.tridion.cache.DependencyTracker"/>
      </Features>
      <!--Optional:-->
      <!--
					The optional RemoteSynchronization element specifies a remote Cache Channel Service.
					The remote Cache Channel Service is used to send messages between caches that are running
					on separate virtual machines. (For example, if the Broker and the Deployer run on separate
					virtual machines.)
					The Cache Channel Service must be running and listening on the configured host and port for
					remote synchronization to function.
					If this element is omitted, the cache does not use any inter-virtual machine cache communication.
					You must use the RemoteSynchronization element in conjunction with the Cache Channel service in
					order for objects to be updated or removed from the Broker's object cache when they are published
					or unpublished using the Deployer.
			-->
      <!-- RMI CacheChannel Connector example
			 
            <RemoteSynchronization Queuesize="128" ServiceMonitorInterval="10000" FlushCacheDuringDisconnectInterval="20000">
				<Connector Class="com.tridion.cache.RMICacheChannelConnector" Host="127.0.0.1" Port="1099" />
			</RemoteSynchronization>
			-->

      <!-- JMS CacheChannel Connector example
 
            <RemoteSynchronization Queuesize="128" ServiceMonitorInterval="10000" FlushCacheDuringDisconnectInterval="20000">
				<Connector Class="com.tridion.cache.JMSCacheChannelConnector" Topic="topicName" TopicConnectionFactory="jndiNameOfConnectionFactory"/>
			</RemoteSynchronization>
			-->
    </ObjectCache>
    <!--Optional:-->
    <!-- The optional MetaQueryConstants section allows setting of some advanced properties.
			   FindByURLCaseSensitivity overrides the default behaviour of the findByURL methods
			   for retrieving BinaryMeta and PageMeta data.
		<MetaQueryConstants>				
			<FindByURLCaseSensitivity Value="false"/>
			<CategoryQuerySeparator Value="/"/>
		</MetaQueryConstants>
              -->
    <!--
		Specify RMI listening port
		-->
    <!--
		<RMIChannel ListenerPort="1050"/>
		-->
    <Storages>
      <!--
            Optional
            Overriding default Tridion dao bundles.
            
            <StorageBindings>
                <Bundle src="undo_dao_bundle.xml"/>
                <Bundle src="ugc_dao_bundle.xml"/>
                <Bundle src="myDAO.xml"/>
                <Bundle src="mybindings.xml"/>
            </StorageBindings>
			-->

      <!-- 
				Optional:
				Wrappers enhances the behaviour of DAOs for specific use cases.
			
			<Wrappers>
			-->
      <!--
			    Optional:
			    Wrapper definition for StorageLayer wrapping.
			    This element has the following attributes:
                    Name               The bean wrapper name.
			    -->

      <!--
				<Wrapper Name="WrapperName">
				</Wrapper>
                -->
      <!--
		        <Wrapper Name="UndoWrapper">
                -->
      <!-- Cleanup of old undo data can be enabled or disabled; default is enabled. -->
      <!--<CleanupEnabled>true</CleanupEnabled>-->
      <!-- PrunePeriod means Amount of time before data becomes invalid, as in anything older than 7 days. Default value is 7 days
                       PurgeInterval means Amount of time in between checking for old undo data. Default value is 24 hours -->
      <!--
				  <PrunePeriod>7</PrunePeriod>
		          <PurgeInterval>24h</PurgeInterval>
                  -->
      <!--
		          <Storage Type="persistence" Id="internalUndoDB" dialect="MSSQL" Class="com.tridion.storage.persistence.JPADAOFactory">
		            <Pool Type="jdbc" Size="10" MonitorInterval="60" IdleTimeout="120" CheckoutTimeout="120"/>
		            <DataSource Class="com.microsoft.sqlserver.jdbc.SQLServerDataSource">
		              <Property Name="serverName" Value="SERVER_NAME"/>
		              <Property Name="portNumber" Value="1433"/>
		              <Property Name="databaseName" Value="DATABASE_NAME"/>
		              <Property Name="user" Value="USER_NAME"/>
		              <Property Name="password" Value="PASSWORD"/>
		            </DataSource>
		          </Storage>
		        </Wrapper>
			</Wrappers>-->


      <!--
                For Database elements of type sql, you can specify the pooling that
                should be used with a Pool element. This pooling is independent of the selected database driver.
                
                This element has the following attributes:
                    Type               The type should be either jdbc or tridion.
                    Size               Maximum number of connections to open.
                    MonitorInterval    Number of seconds between checks on the pool.
                    IdleTimeout        Number of seconds a connection can be idle before it is closed.
                    CheckoutTimeout    Number of seconds a connection can be checked out before it is returned to pool.
            -->
      <!--			
				Configuration example for MS SQL Server 2008 R2 SP1 & 2012 SP1, using the MSSQL JDBC driver.

				The DataSource element specifies the class name of the DataSource to use and properties specific to the datasource.
				For the MSSQL JDBC driver the minimum set of properties to set are:
					serverName: name of the server that hosts the database
					portNumber: configuration of the port used for TCP/IP connections to the database. 1433 is the default port.
					databaseName: name of the database to access
					userName: username used to access the database
					password: password used to access the database
				
				-->
      <Storage Type="persistence" Id="defaultdb" dialect="MSSQL" Class="com.tridion.storage.persistence.JPADAOFactory">
        <Pool Type="jdbc" Size="10" MonitorInterval="60" IdleTimeout="120" CheckoutTimeout="120" />
        <DataSource Class="com.microsoft.sqlserver.jdbc.SQLServerDataSource">
          <Property Name="serverName" Value="10.60.64.53" />
          <Property Name="portNumber" Value="1433" />
          <Property Name="databaseName" Value="Tridion_DD4T_Broker" />
          <Property Name="user" Value="TridionDD4TBrokerUser" />
          <Property Name="password" Value="abcd1234$" />
        </DataSource>
      </Storage>


      <!--			
				Configuration example for DB2 Version 9.7

				The DataSource element specifies the class name of the DataSource to use and properties specific to the datasource.
				For the DB2 Version 9.7 driver the minimum set of properties to set are:
					serverName: name of the server that hosts the database
					portNumber: configuration of the port used for TCP/IP connections to the database. 50000 is the default port.
					databaseName: name of the database to access
					userName: username used to access the database
					password: password used to access the database
					driverType: set to "4" to indicate a pure java driver so no client installations of the driver are required.
				
			
			<Storage Type="persistence" Id="defaultdb1" dialect="DB2" Class="com.tridion.storage.persistence.JPADAOFactory">
				<Pool Type="jdbc" Size="10" MonitorInterval="60" IdleTimeout="120" CheckoutTimeout="120" />
				<DataSource Class="com.ibm.db2.jcc.DB2SimpleDataSource">
					<Property Name="serverName" Value="SERVER_NAME"/>
					<Property Name="portNumber" Value="50000"/>
					<Property Name="databaseName" Value="DATABASE_NAME"/>
					<Property Name="user" Value="USER_NAME"/>
					<Property Name="password" Value="PASSWORD"/>
					<Property Name="driverType" Value="4"/>
				</DataSource>
			</Storage>
			-->

      <!--			
				Configuration example for Oracle 10 and Oracle 11. 

				The DataSource element specifies the class name of the DataSource to use and properties specific to the datasource.
				For the Oracle 10 driver the minimum set of properties to set are:			
					driverType: set to value "thin". Indicates the type of driver to use, by using "thin" no oracle client installation is required.
					networkProtocol: "tcp". Indicates TCP/IP will be used for connectivity.
					serverName: name of the server that hosts the database
					portNumber: configuration of the port used for TCP/IP connections to the database. 1521 is the default port.
					databaseName: name of the database to access
					userName: username used to access the database
					password: password used to access the database				
			
			<Storage Type="persistence" Id="defaultdb2" dialect="ORACLESQL" Class="com.tridion.storage.persistence.JPADAOFactory">
				<Pool Type="jdbc" Size="10" MonitorInterval="60" IdleTimeout="120" CheckoutTimeout="120" />
				<DataSource Class="oracle.jdbc.pool.OracleDataSource">
					<Property Name="driverType" Value="thin"/>
					<Property Name="networkProtocol" Value="tcp"/>
					<Property Name="serverName" Value="SERVER_NAME"/>
					<Property Name="portNumber" Value="1521"/>
					<Property Name="databaseName" Value="DATABASE_NAME"/>
					<Property Name="user" Value="USER_NAME"/>
					<Property Name="password" Value="PASSWORD"/>
				</DataSource>
			</Storage>
			-->
      <!--			
			
			Configuration example for using a old style compatible JDBC Driver datasources. 
			
			<Storage Type="persistence" Class="com.tridion.storage.persistence.JPADAOFactory" dialect="MSSQL" Id="defaultdb3" Url="JDBC_URL_CONNECTION_STRING" Username="USERNAME" Password="PASSWORD" Driver="DRIVER_CLASS">
				<Pool Type="jdbc2" Size="10" MonitorInterval="60" IdleTimeout="120" CheckoutTimeout="120"/>
			</Storage>
			-->

      <!--			
				Configuration example for using an Oracle based JNDI datasource.
			
			<Storage Type="persistence" Class="com.tridion.storage.persistence.JPADAOFactory" dialect="ORACLESQL" Id="defaultdb4" JNDIName="java:comp/env/jdbc/DATA_SOURCE_NAME"/>
			-->

      <!--			
				Configuration example for using a MS SQL based JNDI datasource.
			
			<Storage Type="persistence" Class="com.tridion.storage.persistence.JPADAOFactory" dialect="MSSQL" Id="defaultdb5" JNDIName="java:comp/env/jdbc/DATA_SOURCE_NAME"/>
			-->

      <!--			
				Configuration example for using a DB2 based JNDI datasource.
			
			<Storage Type="persistence" Class="com.tridion.storage.persistence.JPADAOFactory" dialect="DB2" Id="defaultdb6" JNDIName="java:comp/env/jdbc/DATA_SOURCE_NAME"/>
			-->

      <!--			
				Configuration example for using filesystem as data storage. 
			-->

      <Storage Type="filesystem" Class="com.tridion.storage.filesystem.FSDAOFactory" Id="Newmydowntowndubai.comFile" defaultFilesystem="false">
        <Root Path="E:\www\Newmydowntowndubai.com\" />
      </Storage>
      <Storage Type="filesystem" Class="com.tridion.storage.filesystem.FSDAOFactory" Id="Newmydowntowndubai.comDataFile" defaultFilesystem="false">
        <Root Path="E:\www\Newmydowntowndubai.com\data\" />
      </Storage>
      <Storage Type="filesystem" Class="com.tridion.storage.filesystem.FSDAOFactory" Id="Newmydowntowndubai.comENFile" defaultFilesystem="false">
        <Root Path="E:\www\Newmydowntowndubai.com\en\dcp\" />
      </Storage>



      <Storage Type="filesystem" Class="com.tridion.storage.filesystem.FSDAOFactory" Id="vfdeFile" defaultFilesystem="false">
        <Root Path="E:\www\VDFE\" />
      </Storage>
      <Storage Type="filesystem" Class="com.tridion.storage.filesystem.FSDAOFactory" Id="vfdeDataFile" defaultFilesystem="false">
        <Root Path="E:\www\VDFE\data\" />
      </Storage>
      <Storage Type="filesystem" Class="com.tridion.storage.filesystem.FSDAOFactory" Id="vfdeENFile" defaultFilesystem="false">
        <Root Path="E:\www\VDFE\en\dcp\" />
      </Storage>

      <Storage Type="filesystem" Class="com.tridion.storage.filesystem.FSDAOFactory" Id="EserviceFile" defaultFilesystem="false">
        <Root Path="E:\www\Eservice\" />
      </Storage>
      <Storage Type="filesystem" Class="com.tridion.storage.filesystem.FSDAOFactory" Id="EserviceDataFile" defaultFilesystem="false">
        <Root Path="E:\www\Eservice\data\" />
      </Storage>
      <Storage Type="filesystem" Class="com.tridion.storage.filesystem.FSDAOFactory" Id="EserviceENFile" defaultFilesystem="false">
        <Root Path="E:\www\Eservice\en\dcp\" />
      </Storage>



      <Storage Type="filesystem" Class="com.tridion.storage.filesystem.FSDAOFactory" Id="vfdeITFile" defaultFilesystem="false">
        <Root Path="E:\www\VDFE\it\dcp\" />
      </Storage>
      <Storage Type="filesystem" Class="com.tridion.storage.filesystem.FSDAOFactory" Id="vfdeARFile" defaultFilesystem="false">
        <Root Path="E:\www\VDFE\ar\dcp\" />
      </Storage>

      <Storage Type="filesystem" Class="com.tridion.storage.filesystem.FSDAOFactory" Id="emaarFile" defaultFilesystem="false">
        <Root Path="E:\www\emaar.com\" />
      </Storage>
      <Storage Type="filesystem" Class="com.tridion.storage.filesystem.FSDAOFactory" Id="emaarDataFile" defaultFilesystem="false">
        <Root Path="E:\www\emaar.com\data\" />
      </Storage>
      <Storage Type="filesystem" Class="com.tridion.storage.filesystem.FSDAOFactory" Id="emaarENFile" defaultFilesystem="false">
        <Root Path="E:\www\emaar.com\en\dcp\" />
      </Storage>
	  
	  <Storage Type="filesystem" Class="com.tridion.storage.filesystem.FSDAOFactory" Id="emaarnewFile" defaultFilesystem="false">
        <Root Path="E:\www\Emaar.com-reskin\" />
      </Storage>
      <Storage Type="filesystem" Class="com.tridion.storage.filesystem.FSDAOFactory" Id="emaarnewDataFile" defaultFilesystem="false">
        <Root Path="E:\www\Emaar.com-reskin\data\" />
      </Storage>
      <Storage Type="filesystem" Class="com.tridion.storage.filesystem.FSDAOFactory" Id="emaarnewENFile" defaultFilesystem="false">
        <Root Path="E:\www\Emaar.com-reskin\en\dcp\" />
      </Storage>
	  <Storage Type="filesystem" Class="com.tridion.storage.filesystem.FSDAOFactory" Id="emaarnewARFile" defaultFilesystem="false">
        <Root Path="E:\www\Emaar.com-reskin\ar\dcp\" />
      </Storage>
	  
	  
	  
      <Storage Type="filesystem" Class="com.tridion.storage.filesystem.FSDAOFactory" Id="emaarARFile" defaultFilesystem="false">
        <Root Path="E:\www\emaar.com\ar\dcp\" />
      </Storage>
      <Storage Type="filesystem" Class="com.tridion.storage.filesystem.FSDAOFactory" Id="emaarZHFile" defaultFilesystem="false">
        <Root Path="E:\www\emaar.com\zh\dcp\" />
      </Storage>
      <Storage Type="filesystem" Class="com.tridion.storage.filesystem.FSDAOFactory" Id="emaarFRFile" defaultFilesystem="false">
        <Root Path="E:\www\emaar.com\fr\dcp\" />
      </Storage>
      <Storage Type="filesystem" Class="com.tridion.storage.filesystem.FSDAOFactory" Id="emaarRUFile" defaultFilesystem="false">
        <Root Path="E:\www\emaar.com\ru\dcp\" />
      </Storage>
      <Storage Type="filesystem" Class="com.tridion.storage.filesystem.FSDAOFactory" Id="addressFile" defaultFilesystem="false">
        <Root Path="E:\www\theaddress.com\" />
      </Storage>
      <Storage Type="filesystem" Class="com.tridion.storage.filesystem.FSDAOFactory" Id="addressDataFile" defaultFilesystem="false">
        <Root Path="E:\www\theaddress.com\data\" />
      </Storage>
      <Storage Type="filesystem" Class="com.tridion.storage.filesystem.FSDAOFactory" Id="addressENDataFile" defaultFilesystem="false">
        <Root Path="E:\www\theaddress.com\en\dcp\" />
      </Storage>
      <Storage Type="filesystem" Class="com.tridion.storage.filesystem.FSDAOFactory" Id="addressARDataFile" defaultFilesystem="false">
        <Root Path="E:\www\theaddress.com\ar\dcp\" />
      </Storage>
      <Storage Type="filesystem" Class="com.tridion.storage.filesystem.FSDAOFactory" Id="greensFile" defaultFilesystem="false">
        <Root Path="E:\www\thegreensandviews.ae\" />
      </Storage>
      <Storage Type="filesystem" Class="com.tridion.storage.filesystem.FSDAOFactory" Id="greensDataFile" defaultFilesystem="false">
        <Root Path="E:\www\thegreensandviews.ae\data" />
      </Storage>
      <Storage Type="filesystem" Class="com.tridion.storage.filesystem.FSDAOFactory" Id="greensENFile" defaultFilesystem="false">
        <Root Path="E:\www\thegreensandviews.ae\en\dcp\" />
      </Storage>
      <Storage Type="filesystem" Class="com.tridion.storage.filesystem.FSDAOFactory" Id="dubaiMallFile" defaultFilesystem="false">
        <Root Path="E:\www\thedubaimall.com\" />
      </Storage>
      <Storage Type="filesystem" Class="com.tridion.storage.filesystem.FSDAOFactory" Id="dubaiMallDataFile" defaultFilesystem="false">
        <Root Path="E:\www\thedubaimall.com\data" />
      </Storage>
      <Storage Type="filesystem" Class="com.tridion.storage.filesystem.FSDAOFactory" Id="dubaiMallENFile" defaultFilesystem="false">
        <Root Path="E:\www\thedubaimall.com\en\dcp\" />
      </Storage>
      <Storage Type="filesystem" Class="com.tridion.storage.filesystem.FSDAOFactory" Id="dubaiMallARFile" defaultFilesystem="false">
        <Root Path="E:\www\thedubaimall.com\ar\dcp\" />
      </Storage>
      <Storage Type="filesystem" Class="com.tridion.storage.filesystem.FSDAOFactory" Id="dubaiMallRUFile" defaultFilesystem="false">
        <Root Path="E:\www\thedubaimall.com\ru\dcp\" />
      </Storage>
      <Storage Type="filesystem" Class="com.tridion.storage.filesystem.FSDAOFactory" Id="dubaiMallZHFile" defaultFilesystem="false">
        <Root Path="E:\www\thedubaimall.com\zh\dcp\" />
      </Storage>
      <Storage Type="filesystem" Class="com.tridion.storage.filesystem.FSDAOFactory" Id="arabianranchesFile" defaultFilesystem="false">
        <Root Path="E:\www\arabianranches.ae\" />
      </Storage>
      <Storage Type="filesystem" Class="com.tridion.storage.filesystem.FSDAOFactory" Id="burjkhalifaFile" defaultFilesystem="false">
        <Root Path="E:\www\burjkhalifa.ae\" />
      </Storage>
      <Storage Type="filesystem" Class="com.tridion.storage.filesystem.FSDAOFactory" Id="dubaiicerinkFile" defaultFilesystem="false">
        <Root Path="E:\www\dubaiicerink.com\" />
      </Storage>
      <Storage Type="filesystem" Class="com.tridion.storage.filesystem.FSDAOFactory" Id="dubaiicerinkDataFile" defaultFilesystem="false">
        <Root Path="E:\www\dubaiicerink.com\data\" />
      </Storage>
      <Storage Type="filesystem" Class="com.tridion.storage.filesystem.FSDAOFactory" Id="dubaiicerinkENFile" defaultFilesystem="false">
        <Root Path="E:\www\dubaiicerink.com\en\dcp\" />
      </Storage>
      <Storage Type="filesystem" Class="com.tridion.storage.filesystem.FSDAOFactory" Id="dubaimarinamallFile" defaultFilesystem="false">
        <Root Path="E:\www\dubaimarinamall.com\" />
      </Storage>
      <Storage Type="filesystem" Class="com.tridion.storage.filesystem.FSDAOFactory" Id="dubaimarinamallMBFile" defaultFilesystem="false">
        <Root Path="E:\www\m.dubaimarinamall.com\" />
      </Storage>
      <Storage Type="filesystem" Class="com.tridion.storage.filesystem.FSDAOFactory" Id="segarepublicFile" defaultFilesystem="false">
        <Root Path="E:\www\segarepublic.com\" />
      </Storage>
      <Storage Type="filesystem" Class="com.tridion.storage.filesystem.FSDAOFactory" Id="nuranFile" defaultFilesystem="false">
        <Root Path="E:\www\nuran.com\" />
      </Storage>
      <Storage Type="filesystem" Class="com.tridion.storage.filesystem.FSDAOFactory" Id="kidzaniaFile" defaultFilesystem="false">
        <Root Path="E:\www\kidzania.ae\" />
      </Storage>
      <Storage Type="filesystem" Class="com.tridion.storage.filesystem.FSDAOFactory" Id="kidzaniaMBFile" defaultFilesystem="false">
        <Root Path="E:\www\m.kidzania.ae\" />
      </Storage>
      <Storage Type="filesystem" Class="com.tridion.storage.filesystem.FSDAOFactory" Id="mydowntownFile" defaultFilesystem="false">
        <Root Path="E:\www\mydowntowndubai.com\" />
      </Storage>
      <Storage Type="filesystem" Class="com.tridion.storage.filesystem.FSDAOFactory" Id="mydowntownMBFile" defaultFilesystem="false">
        <Root Path="E:\www\m.mydowntowndubai.com\" />
      </Storage>
      <Storage Type="filesystem" Class="com.tridion.storage.filesystem.FSDAOFactory" Id="soukalbaharFile" defaultFilesystem="false">
        <Root Path="E:\www\soukalbahar.com\" />
      </Storage>
      <Storage Type="filesystem" Class="com.tridion.storage.filesystem.FSDAOFactory" Id="soukalbaharMBFile" defaultFilesystem="false">
        <Root Path="E:\www\m.soukalbahar.com\" />
      </Storage>
      <Storage Type="filesystem" Class="com.tridion.storage.filesystem.FSDAOFactory" Id="goldanddiamondparkFile" defaultFilesystem="false">
        <Root Path="E:\www\goldanddiamondpark.com\" />
      </Storage>
      <Storage Type="filesystem" Class="com.tridion.storage.filesystem.FSDAOFactory" Id="goldanddiamondparkMBFile" defaultFilesystem="false">
        <Root Path="E:\www\m.goldanddiamondpark.com\" />
      </Storage>
      <Storage Type="filesystem" Class="com.tridion.storage.filesystem.FSDAOFactory" Id="hamptonsFile" defaultFilesystem="false">
        <Root Path="E:\www\hamptons.ae\" />
      </Storage>
      <Storage Type="filesystem" Class="com.tridion.storage.filesystem.FSDAOFactory" Id="argfFile" defaultFilesystem="false">
        <Root Path="E:\www\arabianranchesgolfdubai.com\" />
      </Storage>
      <Storage Type="filesystem" Class="com.tridion.storage.filesystem.FSDAOFactory" Id="armanihotelsFile" defaultFilesystem="false">
        <Root Path="E:\www\armanihotels.com\" />
      </Storage>

      <Storage Type="filesystem" Class="com.tridion.storage.filesystem.FSDAOFactory" Id="thedubaiaquariumFile" defaultFilesystem="false">
        <Root Path="E:\www\thedubaiaquariamnew.com\" />
      </Storage>
      <Storage Type="filesystem" Class="com.tridion.storage.filesystem.FSDAOFactory" Id="thedubaiaquariumDataFile" defaultFilesystem="false">
        <Root Path="E:\www\thedubaiaquariamnew.com\data\" />
      </Storage>
      <Storage Type="filesystem" Class="com.tridion.storage.filesystem.FSDAOFactory" Id="thedubaiaquariumENFile" defaultFilesystem="false">
        <Root Path="E:\www\thedubaiaquariamnew.com\en\dcp\" />
      </Storage>


      <Storage Type="filesystem" Class="com.tridion.storage.filesystem.FSDAOFactory" Id="reelcinemasFile" defaultFilesystem="false">
        <Root Path="E:\www\reelcinemas.ae\" />
      </Storage>



      <Storage Type="filesystem" Class="com.tridion.storage.filesystem.FSDAOFactory" Id="reelnewFile" defaultFilesystem="false">
        <Root Path="E:\www\reelcinemasnew.ae_static\" />
      </Storage>
      <Storage Type="filesystem" Class="com.tridion.storage.filesystem.FSDAOFactory" Id="reelnewDataFile" defaultFilesystem="false">
        <Root Path="E:\www\reelcinemasnew.ae_static\data\" />
      </Storage>
      <Storage Type="filesystem" Class="com.tridion.storage.filesystem.FSDAOFactory" Id="reelnewENFile" defaultFilesystem="false">
        <Root Path="E:\www\reelcinemasnew.ae_static\en\dcp\" />
      </Storage>


      <Storage Type="filesystem" Class="com.tridion.storage.filesystem.FSDAOFactory" Id="Pier7File" defaultFilesystem="false">
        <Root Path="E:\www\pier7\" />
      </Storage>

      <Storage Type="filesystem" Class="com.tridion.storage.filesystem.FSDAOFactory" Id="DpecFile" defaultFilesystem="false">
        <Root Path="E:\www\Dpec\" />
      </Storage>

      <Storage Type="filesystem" Class="com.tridion.storage.filesystem.FSDAOFactory" Id="emirateslivingFile" defaultFilesystem="false">
        <Root Path="E:\www\emiratesliving.ae\" />
      </Storage>
      <Storage Type="filesystem" Class="com.tridion.storage.filesystem.FSDAOFactory" Id="emirateslivingDataFile" defaultFilesystem="false">
        <Root Path="E:\www\emiratesliving.ae\data" />
      </Storage>
      <Storage Type="filesystem" Class="com.tridion.storage.filesystem.FSDAOFactory" Id="emirateslivingENFile" defaultFilesystem="false">
        <Root Path="E:\www\emiratesliving.ae\en\dcp\" />
      </Storage>

      <Storage Type="filesystem" Class="com.tridion.storage.filesystem.FSDAOFactory" Id="dubaimarinaFile" defaultFilesystem="false">
        <Root Path="E:\www\dubaimarina.ae\" />
      </Storage>
      <Storage Type="filesystem" Class="com.tridion.storage.filesystem.FSDAOFactory" Id="dubaimarinaDataFile" defaultFilesystem="false">
        <Root Path="E:\www\dubaimarina.ae\data" />
      </Storage>
      <Storage Type="filesystem" Class="com.tridion.storage.filesystem.FSDAOFactory" Id="dubaimarinaENFile" defaultFilesystem="false">
        <Root Path="E:\www\dubaimarina.ae\en\dcp\" />
      </Storage>

      <Storage Type="filesystem" Class="com.tridion.storage.filesystem.FSDAOFactory" Id="arabianranchesNewFile" defaultFilesystem="false">
        <Root Path="E:\www\arabianranchesnew.ae\" />
      </Storage>
      <Storage Type="filesystem" Class="com.tridion.storage.filesystem.FSDAOFactory" Id="arabianranchesNewDataFile" defaultFilesystem="false">
        <Root Path="E:\www\arabianranchesnew.ae\data" />
      </Storage>
      <Storage Type="filesystem" Class="com.tridion.storage.filesystem.FSDAOFactory" Id="arabianranchesNewENFile" defaultFilesystem="false">
        <Root Path="E:\www\arabianranchesnew.ae\en\dcp\" />
      </Storage>

      <Storage Type="filesystem" Class="com.tridion.storage.filesystem.FSDAOFactory" Id="VidaFile" defaultFilesystem="false">
        <Root Path="E:\www\vida-hotels.com\" />
      </Storage>

      <Storage Type="filesystem" Class="com.tridion.storage.filesystem.FSDAOFactory" Id="VidaFileNew" defaultFilesystem="false">
        <Root Path="E:\www\new.vida-hotels.com\" />
      </Storage>
  
	  
	  
      <Storage Type="filesystem" Class="com.tridion.storage.filesystem.FSDAOFactory" Id="TAMFile" defaultFilesystem="false">
        <Root Path="E:\www\themontgomerie.com\" />
      </Storage>

      <Storage Type="filesystem" Class="com.tridion.storage.filesystem.FSDAOFactory" Id="DMYCFile" defaultFilesystem="false">
        <Root Path="E:\www\dubaimarinayachtclub.com\" />
      </Storage>

      <Storage Type="filesystem" Class="com.tridion.storage.filesystem.FSDAOFactory" Id="BKWebFile" defaultFilesystem="false">
        <Root Path="E:\www\burjkhalifanew.ae\" />
      </Storage>

      <Storage Type="filesystem" Class="com.tridion.storage.filesystem.FSDAOFactory" Id="BKMobileFile" defaultFilesystem="false">
        <Root Path="E:\www\m.burjkhalifanew.ae\" />
      </Storage>

      <Storage Type="filesystem" Class="com.tridion.storage.filesystem.FSDAOFactory" Id="XPMFile" defaultFilesystem="false">
        <Root Path="E:\www\experiencemanager\" />
      </Storage>

      <Storage Type="filesystem" Class="com.tridion.storage.filesystem.FSDAOFactory" Id="BKWebFileZH" defaultFilesystem="false">
        <Root Path="E:\www\burjkhalifanew.ae\" />
      </Storage>
	  
	  

      <Storage Type="filesystem" Class="com.tridion.storage.filesystem.FSDAOFactory" Id="EmaarMallsFile" defaultFilesystem="false">
        <Root Path="E:\www\emaarmalls.com\" />
      </Storage>

      <Storage Type="filesystem" Class="com.tridion.storage.filesystem.FSDAOFactory" Id="TestSiteFile" defaultFilesystem="false">
        <Root Path="E:\www\testsite\" />
      </Storage>

      <Storage Type="filesystem" Class="com.tridion.storage.filesystem.FSDAOFactory" Id="NjoiFile" defaultFilesystem="false">
        <Root Path="E:\www\Njoi.ae\" />
      </Storage>
      <Storage Type="filesystem" Class="com.tridion.storage.filesystem.FSDAOFactory" Id="NjoiDataFile" defaultFilesystem="false">
        <Root Path="E:\www\Njoi.ae\data" />
      </Storage>
      <Storage Type="filesystem" Class="com.tridion.storage.filesystem.FSDAOFactory" Id="NjoiENFile" defaultFilesystem="false">
        <Root Path="E:\www\Njoi.ae\en\dcp\" />
      </Storage>

      <Storage Type="filesystem" Class="com.tridion.storage.filesystem.FSDAOFactory" Id="KidzaniaNewFile" defaultFilesystem="false">
        <Root Path="E:\www\KidzaniaNew.ae\" />
      </Storage>
      <Storage Type="filesystem" Class="com.tridion.storage.filesystem.FSDAOFactory" Id="KidzaniaNewDataFile" defaultFilesystem="false">
        <Root Path="E:\www\KidzaniaNew.ae\data" />
      </Storage>
      <Storage Type="filesystem" Class="com.tridion.storage.filesystem.FSDAOFactory" Id="KidzaniaNewENFile" defaultFilesystem="false">
        <Root Path="E:\www\KidzaniaNew.ae\en\dcp\" />
      </Storage>

      <Storage Type="filesystem" Class="com.tridion.storage.filesystem.FSDAOFactory" Id="EGCFile" defaultFilesystem="false">
        <Root Path="E:\www\staging.emaargiftcard.com\" />
      </Storage>
	  
	  <!-- DD4T File System Storage -->
	  <Storage Type="filesystem" Class="com.tridion.storage.filesystem.FSDAOFactory" Id="DD4TPier7FileSystem" defaultFilesystem="false">
        <Root Path="E:\www\Emaar.PierSeven.Web\Emaar.PierSeven.Web" />
      </Storage>


      <!--
			Configuration Example for SearchFilter home used by the SearchFilter Query API

			<SearchFilter Name="SearchFilter" Class="com.tridion.broker.components.meta.OracleSearchFilterHome" defaultStorageId="defaultdb2"/>
			-->
      <!--
			<SearchFilter Name="SearchFilter" Class="com.tridion.broker.components.meta.DB2SearchFilterHome" defaultStorageId="defaultdb1"/>
			-->
      <!--
			<SearchFilter Name="SearchFilter" Class="com.tridion.broker.components.meta.MsSqlSearchFilterHome" defaultStorageId="defaultdb"/>
			-->
    </Storages>
    <!-- This configures the taxonomy reference count for keywords, if CountEnabled is 
		set to False the reference count for keywords will not get updated. The default setting is keyword counts are enabled. -->
    <!--<Taxonomies CountEnabled="false"/>-->

    <!-- Configures transaction storage settings, how long before a transaction gets rolledback and on which interval to monitor for
		outstanding transactions. Default timeout is 120000 ms. (2 minutes) and Default interval is 5000ms. (5 seconds) -->
    <!-- <Transaction Timeout="120000" MonitorInterval="5000"/> -->
  </Global>
  <!-- If no item type mappings are defined within ItemTypes or if storages on a lower level do not exist then the storage defined by defaultStorageId attribute will be used.
		 If storage defined by defaultStorageId does not exist then exception will be thrown. -->
  <ItemTypes defaultStorageId="defaultdb" cached="false">
    <!-- Query type mapping is replacement for Query gnenerator. If there was query generator defined in a Broker configuration then  Query type mapping should be binded to default DB. -->

    <Item typeMapping="Query" storageId="defaultdb"/>

    <!--Optional:-->
    <!-- If the item type mapping is defined and storage defined by storageId is the existing one then that one will be used.
			 If storage defined by storageId does not exist then default storage defined by ItemTypes element will be used. -->

    <!--<Item typeMapping="Binary" itemExtension=".pdf" storageId="defaultFile" cached="true"/>
		<Item typeMapping="Binary" itemExtension=".iso" storageId="defaultFile" cached="false"/>
        <Item typeMapping="ComponentLinkClick" cached="true" storageId="defaultFile"/>
		<Item typeMapping="Metadata" cached="true" storageId="defaultFile"/>
        <Item typeMapping="ComponentVisit" cached="true" storageId="defaultFile"/>
        <Item typeMapping="DynamicLinkInfo" cached="true" storageId="defaultFile"/>-->

    <!--<Item typeMapping="Page" cached="false" storageId="defaultFile"/> -->
    <!--
		<Item typeMapping="Personalization" cached="true" storageId="defaultdb"/>
		<Item typeMapping="Taxonomy" cached="true" storageId="defaultdb"/>
		<Item typeMapping="Timeframe" cached="true" storageId="defaultFile"/>
		<Item typeMapping="TrackedPage" cached="true" storageId="defaultFile"/>
		<Item typeMapping="XSLT" cached="true" storageId="defaultFile"/>
		<Item typeMapping="ExtensionData" cached="true" storageId="defaultdb"/>
		-->
    <!-- UGC -->
    <!--
        <Item typeMapping="Comment" storageId="ugcdb"/>
        <Item typeMapping="Rating" storageId="ugcdb"/>
        <Item typeMapping="UGCUser" storageId="ugcdb"/>
        <Item typeMapping="UGCItemStats" storageId="ugcdb"/>
		-->

    <!--Optional:-->
    <!-- If the publication is defined and storage defined by defaultStorageId is the existing one then that one will be used for that publication unless it is overwriten on a lower level.
			 If storage defined by storageId does not exist then default storage defined by ItemTypes element will be used unless lower level type mappings are not matched. -->

    <!--Optional:-->
    <!-- If there is a type mapping match and storage is defined for storageId then that storage will be used.
				 Otherwise; first storage defined within publication element will be referenced, and if that one does not exist then the storage from Item elements will be referenced. 
				 and at the end storage defined within ItemTypes will be used.-->


    <Publication Id="208" defaultStorageId="defaultdb" cached="false">
      <Item typeMapping="ComponentPresentation" itemExtension=".Ascx" storageId="Newmydowntowndubai.comENFile"/>
      <Item typeMapping="ComponentPresentation" itemExtension=".Xml" storageId="Newmydowntowndubai.comENFile"/>
      <Item typeMapping="ComponentPresentation" itemExtension=".Txt" storageId="Newmydowntowndubai.comENFile"/>
      <Item typeMapping="XSLT" cached="true" storageId="Newmydowntowndubai.comDataFile"/>
      <Item typeMapping="Schema" cached="true" storageId="Newmydowntowndubai.comDataFile"/>
      <Item typeMapping="Binary" storageId="Newmydowntowndubai.comFile" cached="false" />
      <Item typeMapping="Page" cached="false" storageId="Newmydowntowndubai.comFile"/>
    </Publication>


    <Publication Id="168" defaultStorageId="defaultdb" cached="false">
      <Item typeMapping="ComponentPresentation" itemExtension=".Ascx" storageId="reelnewENFile"/>
      <Item typeMapping="ComponentPresentation" itemExtension=".Xml" storageId="reelnewENFile"/>
      <Item typeMapping="ComponentPresentation" itemExtension=".Txt" storageId="reelnewENFile"/>
      <Item typeMapping="XSLT" cached="true" storageId="reelnewDataFile"/>
      <Item typeMapping="Schema" cached="true" storageId="reelnewDataFile"/>
      <Item typeMapping="Binary" storageId="reelnewFile" cached="false" />
      <Item typeMapping="Page" cached="false" storageId="reelnewFile"/>
    </Publication>

    <Publication Id="165" defaultStorageId="defaultdb" cached="false">
      <Item typeMapping="ComponentPresentation" itemExtension=".Ascx" storageId="vfdeARFile"/>
      <Item typeMapping="ComponentPresentation" itemExtension=".Xml" storageId="vfdeARFile"/>
      <Item typeMapping="ComponentPresentation" itemExtension=".Txt" storageId="vfdeARFile"/>
      <Item typeMapping="XSLT" cached="true" storageId="vfdeDataFile"/>
      <Item typeMapping="Schema" cached="true" storageId="vfdeDataFile"/>
      <Item typeMapping="Binary" storageId="vfdeFile" cached="false" />
      <Item typeMapping="Page" cached="false" storageId="vfdeFile"/>
    </Publication>



    <Publication Id="160" defaultStorageId="defaultdb" cached="false">
      <Item typeMapping="ComponentPresentation" itemExtension=".Ascx" storageId="vfdeITFile"/>
      <Item typeMapping="ComponentPresentation" itemExtension=".Xml" storageId="vfdeITFile"/>
      <Item typeMapping="ComponentPresentation" itemExtension=".Txt" storageId="vfdeITFile"/>
      <Item typeMapping="XSLT" cached="true" storageId="vfdeDataFile"/>
      <Item typeMapping="Schema" cached="true" storageId="vfdeDataFile"/>
      <Item typeMapping="Binary" storageId="vfdeFile" cached="false" />
      <Item typeMapping="Page" cached="false" storageId="vfdeFile"/>
    </Publication>

    <Publication Id="158" defaultStorageId="defaultdb" cached="false">
      <Item typeMapping="ComponentPresentation" itemExtension=".Ascx" storageId="vfdeENFile"/>
      <Item typeMapping="ComponentPresentation" itemExtension=".Xml" storageId="vfdeENFile"/>
      <Item typeMapping="ComponentPresentation" itemExtension=".Txt" storageId="vfdeENFile"/>
      <Item typeMapping="XSLT" cached="true" storageId="vfdeDataFile"/>
      <Item typeMapping="Schema" cached="true" storageId="vfdeDataFile"/>
      <Item typeMapping="Binary" storageId="vfdeFile" cached="false" />
      <Item typeMapping="Page" cached="false" storageId="vfdeFile"/>
    </Publication>


    <Publication Id="182" defaultStorageId="defaultdb" cached="false">
      <Item typeMapping="ComponentPresentation" itemExtension=".Ascx" storageId="EserviceENFile"/>
      <Item typeMapping="ComponentPresentation" itemExtension=".Xml" storageId="EserviceENFile"/>
      <Item typeMapping="ComponentPresentation" itemExtension=".Txt" storageId="EserviceENFile"/>
      <Item typeMapping="XSLT" cached="true" storageId="EserviceDataFile"/>
      <Item typeMapping="Schema" cached="true" storageId="EserviceDataFile"/>
      <Item typeMapping="Binary" storageId="EserviceFile" cached="false" />
      <Item typeMapping="Page" cached="false" storageId="EserviceFile"/>
    </Publication>



    <Publication Id="130" defaultStorageId="defaultdb" cached="false">
      <Item typeMapping="ComponentPresentation" itemExtension=".Ascx" storageId="emaarENFile"/>
      <Item typeMapping="ComponentPresentation" itemExtension=".Xml" storageId="emaarENFile"/>
      <Item typeMapping="ComponentPresentation" itemExtension=".Txt" storageId="emaarENFile"/>
      <Item typeMapping="XSLT" cached="true" storageId="emaarDataFile"/>
      <Item typeMapping="Schema" cached="true" storageId="emaarDataFile"/>
      <Item typeMapping="Binary" storageId="emaarFile" cached="false" />
      <Item typeMapping="Page" cached="false" storageId="emaarFile"/>
    </Publication>
	
	<Publication Id="223" defaultStorageId="defaultdb" cached="false">
      <Item typeMapping="ComponentPresentation" itemExtension=".Ascx" storageId="emaarnewENFile"/>
      <Item typeMapping="ComponentPresentation" itemExtension=".Xml" storageId="emaarnewENFile"/>
      <Item typeMapping="ComponentPresentation" itemExtension=".Txt" storageId="emaarnewENFile"/>
      <Item typeMapping="XSLT" cached="true" storageId="emaarnewDataFile"/>
      <Item typeMapping="Schema" cached="true" storageId="emaarnewDataFile"/>
      <Item typeMapping="Binary" storageId="emaarnewFile" cached="false" />
      <Item typeMapping="Page" cached="false" storageId="emaarnewFile"/>
    </Publication>
	
	<Publication Id="226" defaultStorageId="defaultdb" cached="false">
	  <Item typeMapping="ComponentPresentation" itemExtension=".Ascx" storageId="emaarnewARFile"/>
	  <Item typeMapping="ComponentPresentation" itemExtension=".Xml" storageId="emaarnewARFile"/>
	  <Item typeMapping="ComponentPresentation" itemExtension=".Txt" storageId="emaarnewARFile"/>
	  <Item typeMapping="XSLT" cached="true" storageId="emaarnewDataFile"/>
	  <Item typeMapping="Schema" cached="true" storageId="emaarnewDataFile"/>
	  <Item typeMapping="Binary" storageId="emaarnewFile" cached="false" />
	  <Item typeMapping="Page" cached="false" storageId="emaarnewFile"/>
	</Publication>

    <Publication Id="149" defaultStorageId="defaultdb" cached="false">
      <Item typeMapping="ComponentPresentation" itemExtension=".Ascx" storageId="emaarARFile"/>
      <Item typeMapping="ComponentPresentation" itemExtension=".Xml" storageId="emaarARFile"/>
      <Item typeMapping="ComponentPresentation" itemExtension=".Txt" storageId="emaarARFile"/>
      <Item typeMapping="XSLT" cached="true" storageId="emaarDataFile"/>
      <Item typeMapping="Schema" cached="true" storageId="emaarDataFile"/>
      <Item typeMapping="Binary" storageId="emaarFile" cached="false" />
      <Item typeMapping="Page" cached="false" storageId="emaarFile"/>
    </Publication>

    <Publication Id="219" defaultStorageId="defaultdb" cached="false">
      <Item typeMapping="ComponentPresentation" itemExtension=".Ascx" storageId="emaarRUFile"/>
      <Item typeMapping="ComponentPresentation" itemExtension=".Xml" storageId="emaarRUFile"/>
      <Item typeMapping="ComponentPresentation" itemExtension=".Txt" storageId="emaarRUFile"/>
      <Item typeMapping="XSLT" cached="true" storageId="emaarDataFile"/>
      <Item typeMapping="Schema" cached="true" storageId="emaarDataFile"/>
      <Item typeMapping="Binary" storageId="emaarFile" cached="false" />
      <Item typeMapping="Page" cached="false" storageId="emaarFile"/>
    </Publication>


    <Publication Id="216" defaultStorageId="defaultdb" cached="false">
      <Item typeMapping="ComponentPresentation" itemExtension=".Ascx" storageId="emaarFRFile"/>
      <Item typeMapping="ComponentPresentation" itemExtension=".Xml" storageId="emaarFRFile"/>
      <Item typeMapping="ComponentPresentation" itemExtension=".Txt" storageId="emaarFRFile"/>
      <Item typeMapping="XSLT" cached="true" storageId="emaarDataFile"/>
      <Item typeMapping="Schema" cached="true" storageId="emaarDataFile"/>
      <Item typeMapping="Binary" storageId="emaarFile" cached="false" />
      <Item typeMapping="Page" cached="false" storageId="emaarFile"/>
    </Publication>


    <Publication Id="215" defaultStorageId="defaultdb" cached="false">
      <Item typeMapping="ComponentPresentation" itemExtension=".Ascx" storageId="emaarZHFile"/>
      <Item typeMapping="ComponentPresentation" itemExtension=".Xml" storageId="emaarZHFile"/>
      <Item typeMapping="ComponentPresentation" itemExtension=".Txt" storageId="emaarZHFile"/>
      <Item typeMapping="XSLT" cached="true" storageId="emaarDataFile"/>
      <Item typeMapping="Schema" cached="true" storageId="emaarDataFile"/>
      <Item typeMapping="Binary" storageId="emaarFile" cached="false" />
      <Item typeMapping="Page" cached="false" storageId="emaarFile"/>
    </Publication>


    <Publication Id="113" defaultStorageId="defaultdb" cached="false">
      <Item typeMapping="ComponentPresentation" itemExtension=".Ascx" storageId="addressENDataFile"/>
      <Item typeMapping="ComponentPresentation" itemExtension=".Xml" storageId="addressENDataFile"/>
      <Item typeMapping="ComponentPresentation" itemExtension=".Txt" storageId="addressENDataFile"/>
      <Item typeMapping="XSLT" cached="true" storageId="addressDataFile"/>
      <Item typeMapping="Schema" cached="true" storageId="addressDataFile"/>
      <Item typeMapping="Binary" storageId="addressFile" cached="false" />
      <Item typeMapping="Page" cached="false" storageId="addressFile"/>
    </Publication>

    <Publication Id="127" defaultStorageId="defaultdb" cached="false">
      <Item typeMapping="ComponentPresentation" itemExtension=".Ascx" storageId="addressARDataFile"/>
      <Item typeMapping="ComponentPresentation" itemExtension=".Xml" storageId="addressARDataFile"/>
      <Item typeMapping="ComponentPresentation" itemExtension=".Txt" storageId="addressARDataFile"/>
      <Item typeMapping="XSLT" cached="true" storageId="addressDataFile"/>
      <Item typeMapping="Schema" cached="true" storageId="addressDataFile"/>
      <Item typeMapping="Binary" storageId="addressFile" cached="false" />
      <Item typeMapping="Page" cached="false" storageId="addressFile"/>
    </Publication>

    <Publication Id="123" defaultStorageId="defaultdb" cached="false">

      <Item typeMapping="ComponentPresentation" itemExtension=".Ascx" storageId="greensENFile"/>
      <Item typeMapping="ComponentPresentation" itemExtension=".Xml" storageId="greensENFile"/>
      <Item typeMapping="ComponentPresentation" itemExtension=".Txt" storageId="greensENFile"/>
      <Item typeMapping="XSLT" cached="true" storageId="greensDataFile"/>
      <Item typeMapping="Schema" cached="true" storageId="greensDataFile"/>
      <Item typeMapping="Binary" storageId="greensFile" cached="false" />
      <Item typeMapping="Page" cached="false" storageId="greensFile"/>

    </Publication>

    <Publication Id="87" defaultStorageId="defaultdb" cached="false">
      <Item typeMapping="ComponentPresentation" itemExtension=".Ascx" storageId="dubaiMallENFile"/>
      <Item typeMapping="ComponentPresentation" itemExtension=".Xml" storageId="dubaiMallENFile"/>
      <Item typeMapping="ComponentPresentation" itemExtension=".Txt" storageId="dubaiMallENFile"/>
      <Item typeMapping="XSLT" cached="true" storageId="dubaiMallDataFile"/>
      <Item typeMapping="Schema" cached="true" storageId="dubaiMallDataFile"/>
      <Item typeMapping="Binary" cached="false" storageId="dubaiMallFile"  />
      <Item typeMapping="Page" cached="false" storageId="dubaiMallFile"/>
    </Publication>

    <Publication Id="90" defaultStorageId="defaultdb" cached="false">
      <Item typeMapping="ComponentPresentation" itemExtension=".Ascx" storageId="dubaiMallARFile"/>
      <Item typeMapping="ComponentPresentation" itemExtension=".Xml" storageId="dubaiMallARFile"/>
      <Item typeMapping="ComponentPresentation" itemExtension=".Txt" storageId="dubaiMallARFile"/>
      <Item typeMapping="XSLT" cached="true" storageId="dubaiMallDataFile"/>
      <Item typeMapping="Schema" cached="true" storageId="dubaiMallDataFile"/>
      <Item typeMapping="Binary" cached="false" storageId="dubaiMallFile"  />
      <Item typeMapping="Page" cached="false" storageId="dubaiMallFile"/>
    </Publication>

    <Publication Id="93" defaultStorageId="defaultdb" cached="false">
      <Item typeMapping="ComponentPresentation" itemExtension=".Ascx" storageId="dubaiMallRUFile"/>
      <Item typeMapping="ComponentPresentation" itemExtension=".Xml" storageId="dubaiMallRUFile"/>
      <Item typeMapping="ComponentPresentation" itemExtension=".Txt" storageId="dubaiMallRUFile"/>
      <Item typeMapping="XSLT" cached="true" storageId="dubaiMallDataFile"/>
      <Item typeMapping="Schema" cached="true" storageId="dubaiMallDataFile"/>
      <Item typeMapping="Binary" cached="false" storageId="dubaiMallFile"  />
      <Item typeMapping="Page" cached="false" storageId="dubaiMallFile"/>
    </Publication>

    <Publication Id="94" defaultStorageId="defaultdb" cached="false">
      <Item typeMapping="ComponentPresentation" itemExtension=".Ascx" storageId="dubaiMallZHFile"/>
      <Item typeMapping="ComponentPresentation" itemExtension=".Xml" storageId="dubaiMallZHFile"/>
      <Item typeMapping="ComponentPresentation" itemExtension=".Txt" storageId="dubaiMallZHFile"/>
      <Item typeMapping="XSLT" cached="true" storageId="dubaiMallDataFile"/>
      <Item typeMapping="Schema" cached="true" storageId="dubaiMallDataFile"/>
      <Item typeMapping="Binary" cached="false" storageId="dubaiMallFile"  />
      <Item typeMapping="Page" cached="false" storageId="dubaiMallFile"/>
    </Publication>

    <Publication Id="103" defaultStorageId="defaultdb" cached="false">
      <Item typeMapping="Binary" cached="false" storageId="arabianranchesFile"  />
      <Item typeMapping="Page" cached="false" storageId="arabianranchesFile"/>
    </Publication>

    <Publication Id="62" defaultStorageId="defaultdb" cached="false">
      <Item typeMapping="Binary" cached="false" storageId="burjkhalifaFile"  />
      <Item typeMapping="Page" cached="false" storageId="burjkhalifaFile"/>
    </Publication>

    <Publication Id="120" defaultStorageId="defaultdb" cached="false">
      <Item typeMapping="ComponentPresentation" itemExtension=".Ascx" storageId="dubaiicerinkENFile"/>
      <Item typeMapping="ComponentPresentation" itemExtension=".Xml" storageId="dubaiicerinkENFile"/>
      <Item typeMapping="ComponentPresentation" itemExtension=".Txt" storageId="dubaiicerinkENFile"/>
      <Item typeMapping="XSLT" cached="true" storageId="dubaiicerinkDataFile"/>
      <Item typeMapping="Schema" cached="true" storageId="dubaiicerinkDataFile"/>
      <Item typeMapping="Binary" cached="false" storageId="dubaiicerinkFile"  />
      <Item typeMapping="Page" cached="false" storageId="dubaiicerinkFile"/>
    </Publication>

    <Publication Id="35" defaultStorageId="defaultdb" cached="false">
      <Item typeMapping="Binary" cached="false" storageId="dubaimarinamallFile"  />
      <Item typeMapping="Page" cached="false" storageId="dubaimarinamallFile"/>
    </Publication>

    <Publication Id="37" defaultStorageId="defaultdb" cached="false">
      <Item typeMapping="Binary" cached="false" storageId="dubaimarinamallMBFile"  />
      <Item typeMapping="Page" cached="false" storageId="dubaimarinamallMBFile"/>
    </Publication>

    <Publication Id="100" defaultStorageId="defaultdb" cached="false">
      <Item typeMapping="Binary" cached="false" storageId="segarepublicFile"  />
      <Item typeMapping="Page" cached="false" storageId="segarepublicFile"/>
    </Publication>

    <Publication Id="3" defaultStorageId="defaultdb" cached="false">
      <Item typeMapping="Binary" cached="false" storageId="nuranFile"  />
      <Item typeMapping="Page" cached="false" storageId="nuranFile"/>
    </Publication>

    <Publication Id="81" defaultStorageId="defaultdb" cached="false">
      <Item typeMapping="Binary" cached="false" storageId="kidzaniaFile"  />
      <Item typeMapping="Page" cached="false" storageId="kidzaniaFile"/>
    </Publication>

    <Publication Id="84" defaultStorageId="defaultdb" cached="false">
      <Item typeMapping="Binary" cached="false" storageId="kidzaniaMBFile"  />
      <Item typeMapping="Page" cached="false" storageId="kidzaniaMBFile"/>
    </Publication>

    <Publication Id="51" defaultStorageId="defaultdb" cached="false">
      <Item typeMapping="Binary" cached="false" storageId="mydowntownFile"  />
      <Item typeMapping="Page" cached="false" storageId="mydowntownFile"/>
    </Publication>

    <Publication Id="56" defaultStorageId="defaultdb" cached="false">
      <Item typeMapping="Binary" cached="false" storageId="mydowntownMBFile"  />
      <Item typeMapping="Page" cached="false" storageId="mydowntownMBFile"/>
    </Publication>

    <Publication Id="41" defaultStorageId="defaultdb" cached="false">
      <Item typeMapping="Binary" cached="false" storageId="soukalbaharFile"  />
      <Item typeMapping="Page" cached="false" storageId="soukalbaharFile"/>
    </Publication>

    <Publication Id="45" defaultStorageId="defaultdb" cached="false">
      <Item typeMapping="Binary" cached="false" storageId="soukalbaharMBFile"  />
      <Item typeMapping="Page" cached="false" storageId="soukalbaharMBFile"/>
    </Publication>

    <Publication Id="43" defaultStorageId="defaultdb" cached="false">
      <Item typeMapping="Binary" cached="false" storageId="goldanddiamondparkFile"  />
      <Item typeMapping="Page" cached="false" storageId="goldanddiamondparkFile"/>
    </Publication>

    <Publication Id="46" defaultStorageId="defaultdb" cached="false">
      <Item typeMapping="Binary" cached="false" storageId="goldanddiamondparkMBFile"  />
      <Item typeMapping="Page" cached="false" storageId="goldanddiamondparkMBFile"/>
    </Publication>

    <Publication Id="97" defaultStorageId="defaultdb" cached="false">
      <Item typeMapping="Binary" cached="false" storageId="hamptonsFile"  />
      <Item typeMapping="Page" cached="false" storageId="hamptonsFile"/>
    </Publication>

    <Publication Id="97" defaultStorageId="defaultdb" cached="false">
      <Item typeMapping="Binary" cached="false" storageId="hamptonsFile"  />
      <Item typeMapping="Page" cached="false" storageId="hamptonsFile"/>
    </Publication>

    <Publication Id="4" defaultStorageId="defaultdb" cached="false">
      <Item typeMapping="Binary" cached="false" storageId="argfFile"  />
      <Item typeMapping="Page" cached="false" storageId="argfFile"/>
    </Publication>

    <Publication Id="7" defaultStorageId="defaultdb" cached="false">
      <Item typeMapping="Binary" cached="false" storageId="armanihotelsFile"  />
      <Item typeMapping="Page" cached="false" storageId="armanihotelsFile"/>
    </Publication>

    <Publication Id="140" defaultStorageId="defaultdb" cached="false">
      <Item typeMapping="ComponentPresentation" itemExtension=".Ascx" storageId="thedubaiaquariumENFile"/>
      <Item typeMapping="ComponentPresentation" itemExtension=".Xml" storageId="thedubaiaquariumENFile"/>
      <Item typeMapping="ComponentPresentation" itemExtension=".Txt" storageId="thedubaiaquariumENFile"/>
      <Item typeMapping="XSLT" cached="true" storageId="thedubaiaquariumDataFile"/>
      <Item typeMapping="Schema" cached="true" storageId="thedubaiaquariumDataFile"/>
      <Item typeMapping="Binary" storageId="thedubaiaquariumFile" cached="thedubaiaquariumFile" />
      <Item typeMapping="Page" cached="false" storageId="thedubaiaquariumFile"/>

    </Publication>

    <Publication Id="22" defaultStorageId="defaultdb" cached="false">
      <Item typeMapping="Binary" cached="false" storageId="reelcinemasFile"  />
      <Item typeMapping="Page" cached="false" storageId="reelcinemasFile"/>
    </Publication>

    <Publication Id="133" defaultStorageId="defaultdb" cached="false">
      <Item typeMapping="Binary" cached="false" storageId="Pier7File"  />
      <Item typeMapping="Page" cached="false" storageId="Pier7File"/>
    </Publication>

    <Publication Id="137" defaultStorageId="defaultdb" cached="false">
      <Item typeMapping="Binary" cached="false" storageId="DpecFile"  />
      <Item typeMapping="Page" cached="false" storageId="DpecFile"/>
    </Publication>

    <Publication Id="143" defaultStorageId="defaultdb" cached="false">
      <Item typeMapping="ComponentPresentation" itemExtension=".Ascx" storageId="emirateslivingENFile"/>
      <Item typeMapping="ComponentPresentation" itemExtension=".Xml" storageId="emirateslivingENFile"/>
      <Item typeMapping="ComponentPresentation" itemExtension=".Txt" storageId="emirateslivingENFile"/>
      <Item typeMapping="XSLT" cached="true" storageId="emirateslivingDataFile"/>
      <Item typeMapping="Schema" cached="true" storageId="emirateslivingDataFile"/>
      <Item typeMapping="Binary" storageId="emirateslivingFile" cached="false" />
      <Item typeMapping="Page" cached="false" storageId="emirateslivingFile"/>

    </Publication>

    <Publication Id="163" defaultStorageId="defaultdb" cached="false">
      <Item typeMapping="ComponentPresentation" itemExtension=".Ascx" storageId="dubaimarinaENFile"/>
      <Item typeMapping="ComponentPresentation" itemExtension=".Xml" storageId="dubaimarinaENFile"/>
      <Item typeMapping="ComponentPresentation" itemExtension=".Txt" storageId="dubaimarinaENFile"/>
      <Item typeMapping="XSLT" cached="true" storageId="dubaimarinaDataFile"/>
      <Item typeMapping="Schema" cached="true" storageId="dubaimarinaDataFile"/>
      <Item typeMapping="Binary" storageId="dubaimarinaFile" cached="false" />
      <Item typeMapping="Page" cached="false" storageId="dubaimarinaFile"/>

    </Publication>

    <Publication Id="171" defaultStorageId="defaultdb" cached="false">
      <Item typeMapping="ComponentPresentation" itemExtension=".Ascx" storageId="arabianranchesNewENFile"/>
      <Item typeMapping="ComponentPresentation" itemExtension=".Xml" storageId="arabianranchesNewENFile"/>
      <Item typeMapping="ComponentPresentation" itemExtension=".Txt" storageId="arabianranchesNewENFile"/>
      <Item typeMapping="XSLT" cached="true" storageId="arabianranchesNewDataFile"/>
      <Item typeMapping="Schema" cached="true" storageId="arabianranchesNewDataFile"/>
      <Item typeMapping="Binary" storageId="arabianranchesNewFile" cached="false" />
      <Item typeMapping="Page" cached="false" storageId="arabianranchesNewFile"/>

    </Publication>

    <Publication Id="152" defaultStorageId="defaultdb" cached="false">
      <Item typeMapping="Binary" cached="false" storageId="VidaFile"  />
      <Item typeMapping="Page" cached="false" storageId="VidaFile"/>
    </Publication>

    <Publication Id="154" defaultStorageId="defaultdb" cached="false">
      <Item typeMapping="Binary" cached="false" storageId="VidaFile"  />
      <Item typeMapping="Page" cached="false" storageId="VidaFile"/>
    </Publication>
	
	<Publication Id="232" defaultStorageId="defaultdb" cached="false">
      <Item typeMapping="Binary" cached="false" storageId="VidaFileNew"  />
      <Item typeMapping="Page" cached="false" storageId="VidaFileNew"/>
    </Publication>

    <Publication Id="233" defaultStorageId="defaultdb" cached="false">
      <Item typeMapping="Binary" cached="false" storageId="VidaFileNew"  />
      <Item typeMapping="Page" cached="false" storageId="VidaFileNew"/>
    </Publication>
	

    <Publication Id="147" defaultStorageId="defaultdb" cached="false">
      <Item typeMapping="Binary" cached="false" storageId="TAMFile"  />
      <Item typeMapping="Page" cached="false" storageId="TAMFile"/>
    </Publication>

    <Publication Id="176" defaultStorageId="defaultdb" cached="false">
      <Item typeMapping="Binary" cached="false" storageId="DMYCFile"  />
      <Item typeMapping="Page" cached="false" storageId="DMYCFile"/>
    </Publication>

    <Publication Id="186" defaultStorageId="defaultdb" cached="false">
      <Item typeMapping="Binary" cached="false" storageId="BKWebFile"  />
      <Item typeMapping="Page" cached="false" storageId="BKWebFile"/>
    </Publication>

	<Publication Id="228" defaultStorageId="defaultdb" cached="false">
      <Item typeMapping="Binary" cached="false" storageId="BKWebFileZH"  />
      <Item typeMapping="Page" cached="false" storageId="BKWebFileZH"/>
    </Publication>

	
    <Publication Id="214" defaultStorageId="defaultdb" cached="false">
      <Item typeMapping="Binary" cached="false" storageId="BKWebFile"  />
      <Item typeMapping="Page" cached="false" storageId="BKWebFile"/>
    </Publication>



    <Publication Id="190" defaultStorageId="defaultdb" cached="false">
      <Item typeMapping="Binary" cached="false" storageId="BKMobileFile"  />
      <Item typeMapping="Page" cached="false" storageId="BKMobileFile"/>
    </Publication>

    <Publication Id="192" defaultStorageId="defaultdb" cached="false">
      <Item typeMapping="Binary" cached="false" storageId="XPMFile"  />
      <Item typeMapping="Page" cached="false" storageId="XPMFile"/>
    </Publication>

    <Publication Id="196" defaultStorageId="defaultdb" cached="false">
      <Item typeMapping="Binary" cached="false" storageId="EmaarMallsFile"  />
      <Item typeMapping="Page" cached="false" storageId="EmaarMallsFile"/>
    </Publication>

    <Publication Id="199" defaultStorageId="defaultdb" cached="false">
      <Item typeMapping="Binary" cached="false" storageId="TestSiteFile"  />
      <Item typeMapping="Page" cached="false" storageId="TestSiteFile"/>
    </Publication>

    <Publication Id="202" defaultStorageId="defaultdb" cached="false">
      <Item typeMapping="ComponentPresentation" itemExtension=".Ascx" storageId="NjoiENFile"/>
      <Item typeMapping="ComponentPresentation" itemExtension=".Xml" storageId="NjoiENFile"/>
      <Item typeMapping="ComponentPresentation" itemExtension=".Txt" storageId="NjoiENFile"/>
      <Item typeMapping="XSLT" cached="true" storageId="NjoiDataFile"/>
      <Item typeMapping="Schema" cached="true" storageId="NjoiDataFile"/>
      <Item typeMapping="Binary" storageId="NjoiFile" cached="false" />
      <Item typeMapping="Page" cached="false" storageId="NjoiFile"/>

    </Publication>

    <Publication Id="206" defaultStorageId="defaultdb" cached="false">
      <Item typeMapping="ComponentPresentation" itemExtension=".Ascx" storageId="KidzaniaNewENFile"/>
      <Item typeMapping="ComponentPresentation" itemExtension=".Xml" storageId="KidzaniaNewENFile"/>
      <Item typeMapping="ComponentPresentation" itemExtension=".Txt" storageId="KidzaniaNewENFile"/>
      <Item typeMapping="XSLT" cached="true" storageId="KidzaniaNewDataFile"/>
      <Item typeMapping="Schema" cached="true" storageId="KidzaniaNewDataFile"/>
      <Item typeMapping="Binary" storageId="KidzaniaNewFile" cached="false" />
      <Item typeMapping="Page" cached="false" storageId="KidzaniaNewFile"/>
    </Publication>
    <Publication Id="59" defaultStorageId="defaultdb" cached="false">
      <Item typeMapping="Binary" cached="false" storageId="EGCFile"  />
      <Item typeMapping="Page" cached="false" storageId="EGCFile"/>
    </Publication>
	
	<!-- DD4T PIER 7 -->
	<Publication Id="239" defaultStorageId="defaultdb" cached="false">
    <Item typeMapping="Binary" cached="false" storageId="DD4TPier7FileSystem"  />
    <Item typeMapping="Page" itemExtension=".Xml" cached="false" storageId="DD4TPier7FileSystem"  />
    </Publication>

  </ItemTypes>

  <!-- Specifies the location of the license file. -->

  <License Location="E:\Program Files\Tridion\config\cd_licenses.xml"/>

</Configuration>

