﻿<Root>
  <node title = "005. DISCOVER" id = "tcm:51-1248-4" name = "000. default"  pageid = "tcm:51-10807-64" url = "/en/Discover/staying/stay.aspx" Class = "" displaytitle = "DISCOVER">
    <node title = "000. Staying" id = "tcm:51-1252-4" name = "000. stay"  pageid = "tcm:51-10882-64" url = "/en/Discover/staying/stay.aspx" Class = "menu-stay" displaytitle = "Staying">
      <node pageid = "tcm:51-10882-64" page = "stay.aspx" url = "/en/Discover/staying/stay.aspx" name = "000. stay" exturl = ""  linktitle  = "" class  = "" displaytitle = "stay"/>
      <node pageid = "tcm:51-10750-64" page = "stay1.aspx" url = "/en/Discover/staying/stay1.aspx" name = "005. Armani Hotel Dubai" exturl = ""  linktitle  = "" class  = "" displaytitle = "Armani Hotel Dubai"/>
      <node pageid = "tcm:51-10751-64" page = "stay2.aspx" url = "/en/Discover/staying/stay2.aspx" name = "010. The Address Downtown Dubai" exturl = ""  linktitle  = "" class  = "" displaytitle = "The Address Downtown Dubai"/>
      <node pageid = "tcm:51-10752-64" page = "stay3.aspx" url = "/en/Discover/staying/stay3.aspx" name = "015. The Address Dubai Mall" exturl = ""  linktitle  = "" class  = "" displaytitle = "The Address Dubai Mall"/>
      <node pageid = "tcm:51-10753-64" page = "stay4.aspx" url = "/en/Discover/staying/stay4.aspx" name = "020. The Palace - The Old Town" exturl = ""  linktitle  = "" class  = "" displaytitle = "The Palace - The Old Town"/>
      <node pageid = "tcm:51-10754-64" page = "stay5.aspx" url = "/en/Discover/staying/stay5.aspx" name = "025. Al Manzil" exturl = ""  linktitle  = "" class  = "" displaytitle = "Al Manzil"/>
      <node pageid = "tcm:51-10755-64" page = "stay6.aspx" url = "/en/Discover/staying/stay6.aspx" name = "030. Qamardeen" exturl = ""  linktitle  = "" class  = "" displaytitle = "Qamardeen"/>
    </node>
    <node title = "005. Dining &amp;amp; lounging" id = "tcm:51-1253-4" name = "000. dining-lounging"  pageid = "tcm:51-10928-64" url = "/en/Discover/dininglounging/dining-lounging.aspx" Class = "menu-dining-lounging" displaytitle = "Dining & lounging">
      <node pageid = "tcm:51-10928-64" page = "dining-lounging.aspx" url = "/en/Discover/dininglounging/dining-lounging.aspx" name = "000. dining-lounging" exturl = ""  linktitle  = "" class  = "" displaytitle = "dining-lounging"/>
      <node pageid = "tcm:51-10756-64" page = "dining-lounging1.aspx" url = "/en/Discover/dininglounging/dining-lounging1.aspx" name = "005. Armani Hotel Dubai" exturl = ""  linktitle  = "" class  = "" displaytitle = "Armani Hotel Dubai"/>
      <node pageid = "tcm:51-10757-64" page = "dining-lounging2.aspx" url = "/en/Discover/dininglounging/dining-lounging2.aspx" name = "010. The Address Downtown Dubai" exturl = ""  linktitle  = "" class  = "" displaytitle = "The Address Downtown Dubai"/>
      <node pageid = "tcm:51-10758-64" page = "dining-lounging3.aspx" url = "/en/Discover/dininglounging/dining-lounging3.aspx" name = "015. The Address Dubai Mall" exturl = ""  linktitle  = "" class  = "" displaytitle = "The Address Dubai Mall"/>
      <node pageid = "tcm:51-10759-64" page = "dining-lounging4.aspx" url = "/en/Discover/dininglounging/dining-lounging4.aspx" name = "020. The Palace - The Old Town" exturl = ""  linktitle  = "" class  = "" displaytitle = "The Palace - The Old Town"/>
      <node pageid = "tcm:51-10760-64" page = "dining-lounging5.aspx" url = "/en/Discover/dininglounging/dining-lounging5.aspx" name = "025. Al Manzil" exturl = ""  linktitle  = "" class  = "" displaytitle = "Al Manzil"/>
      <node pageid = "tcm:51-10761-64" page = "dining-lounging6.aspx" url = "/en/Discover/dininglounging/dining-lounging6.aspx" name = "030. Qamardeen" exturl = ""  linktitle  = "" class  = "" displaytitle = "Qamardeen"/>
      <node pageid = "tcm:51-10762-64" page = "dining-lounging7.aspx" url = "/en/Discover/dininglounging/dining-lounging7.aspx" name = "035. Restaurants at the Dubai Mall" exturl = ""  linktitle  = "" class  = "" displaytitle = "Restaurants at the Dubai Mall"/>
    </node>
    <node title = "010. Relaxing" id = "tcm:51-1254-4" name = "000. relaxing"  pageid = "tcm:51-10937-64" url = "/en/Discover/Relaxing/relaxing.aspx" Class = "menu-relaxing" displaytitle = "Relaxing">
      <node pageid = "tcm:51-10937-64" page = "relaxing.aspx" url = "/en/Discover/Relaxing/relaxing.aspx" name = "000. relaxing" exturl = ""  linktitle  = "" class  = "" displaytitle = "relaxing"/>
      <node pageid = "tcm:51-10763-64" page = "relaxing1.aspx" url = "/en/Discover/Relaxing/relaxing1.aspx" name = "005. Armani" exturl = ""  linktitle  = "" class  = "" displaytitle = "Armani"/>
      <node pageid = "tcm:51-10764-64" page = "relaxing2.aspx" url = "/en/Discover/Relaxing/relaxing2.aspx" name = "010. The Spa at The Address Downtown Dubai" exturl = ""  linktitle  = "" class  = "" displaytitle = "The Spa at The Address Downtown Dubai"/>
      <node pageid = "tcm:51-10765-64" page = "relaxing3.aspx" url = "/en/Discover/Relaxing/relaxing3.aspx" name = "015. The Spa at The Address Dubai Mall" exturl = ""  linktitle  = "" class  = "" displaytitle = "The Spa at The Address Dubai Mall"/>
      <node pageid = "tcm:51-10766-64" page = "relaxing4.aspx" url = "/en/Discover/Relaxing/relaxing4.aspx" name = "020. The Spa at the Palace - The Old Town" exturl = ""  linktitle  = "" class  = "" displaytitle = "The Spa at the Palace - The Old Town"/>
    </node>
    <node title = "015. Entertainment" id = "tcm:51-1255-4" name = "000. entertainment"  pageid = "tcm:51-10974-64" url = "/en/Discover/Entertainment/entertainment.aspx" Class = "menu-entertainment" displaytitle = "Entertainment">
      <node pageid = "tcm:51-10974-64" page = "entertainment.aspx" url = "/en/Discover/Entertainment/entertainment.aspx" name = "000. entertainment" exturl = ""  linktitle  = "" class  = "" displaytitle = "entertainment"/>
      <node pageid = "tcm:51-10767-64" page = "entertainment1.aspx" url = "/en/Discover/Entertainment/entertainment1.aspx" name = "005. The Dubai Fountain" exturl = ""  linktitle  = "" class  = "" displaytitle = "The Dubai Fountain"/>
      <node pageid = "tcm:51-10768-64" page = "entertainment2.aspx" url = "/en/Discover/Entertainment/entertainment2.aspx" name = "010. Dubai Ice Rink" exturl = ""  linktitle  = "" class  = "" displaytitle = "Dubai Ice Rink"/>
      <node pageid = "tcm:51-10769-64" page = "entertainment3.aspx" url = "/en/Discover/Entertainment/entertainment3.aspx" name = "015. Dubai Aquarium &amp;amp; Underwater Zoo" exturl = ""  linktitle  = "" class  = "" displaytitle = "Dubai Aquarium &amp;amp; Underwater Zoo"/>
      <node pageid = "tcm:51-10770-64" page = "entertainment4.aspx" url = "/en/Discover/Entertainment/entertainment4.aspx" name = "020. Sega Republic" exturl = ""  linktitle  = "" class  = "" displaytitle = "Sega Republic"/>
      <node pageid = "tcm:51-10771-64" page = "entertainment5.aspx" url = "/en/Discover/Entertainment/entertainment5.aspx" name = "025. Kidzania" exturl = ""  linktitle  = "" class  = "" displaytitle = "Kidzania"/>
      <node pageid = "tcm:51-10772-64" page = "entertainment6.aspx" url = "/en/Discover/Entertainment/entertainment6.aspx" name = "030. Reel Cinemas" exturl = ""  linktitle  = "" class  = "" displaytitle = "Reel Cinemas"/>
      <node pageid = "tcm:51-10773-64" page = "entertainment7.aspx" url = "/en/Discover/Entertainment/entertainment7.aspx" name = "035. Burj Park" exturl = ""  linktitle  = "" class  = "" displaytitle = "Burj Park"/>
      <node pageid = "tcm:51-10774-64" page = "entertainment8.aspx" url = "/en/Discover/Entertainment/entertainment8.aspx" name = "040. Burj Plaza" exturl = ""  linktitle  = "" class  = "" displaytitle = "Burj Plaza"/>
      <node pageid = "tcm:51-10775-64" page = "entertainment9.aspx" url = "/en/Discover/Entertainment/entertainment9.aspx" name = "045. The Burj Steps" exturl = ""  linktitle  = "" class  = "" displaytitle = "The Burj Steps"/>
      <node pageid = "tcm:51-10776-64" page = "entertainment10.aspx" url = "/en/Discover/Entertainment/entertainment10.aspx" name = "050. Emaar Boulevard" exturl = ""  linktitle  = "" class  = "" displaytitle = "Emaar Boulevard"/>
      <node pageid = "tcm:51-10777-64" page = "entertainment11.aspx" url = "/en/Discover/Entertainment/entertainment11.aspx" name = "055. The Pavilion" exturl = ""  linktitle  = "" class  = "" displaytitle = "The Pavilion"/>
      <node pageid = "tcm:51-10778-64" page = "entertainment12.aspx" url = "/en/Discover/Entertainment/entertainment12.aspx" name = "060. At the Top, Burj Khalifa" exturl = ""  linktitle  = "" class  = "" displaytitle = "At the Top, Burj Khalifa"/>
    </node>
    <node title = "020. Shopping" id = "tcm:51-1256-4" name = "000. shopping"  pageid = "tcm:51-10986-64" url = "/en/Discover/Shopping/shopping.aspx" Class = "menu-shopping" displaytitle = "Shopping">
      <node pageid = "tcm:51-10986-64" page = "shopping.aspx" url = "/en/Discover/Shopping/shopping.aspx" name = "000. shopping" exturl = ""  linktitle  = "" class  = "" displaytitle = "shopping"/>
      <node pageid = "tcm:51-10779-64" page = "shopping1.aspx" url = "/en/Discover/Shopping/shopping1.aspx" name = "005. The Dubai Mall" exturl = ""  linktitle  = "" class  = "" displaytitle = "The Dubai Mall"/>
      <node pageid = "tcm:51-10780-64" page = "shopping2.aspx" url = "/en/Discover/Shopping/shopping2.aspx" name = "010. Gold Souk at The Dubai Mall" exturl = ""  linktitle  = "" class  = "" displaytitle = "Gold Souk at The Dubai Mall"/>
      <node pageid = "tcm:51-10781-64" page = "shopping3.aspx" url = "/en/Discover/Shopping/shopping3.aspx" name = "015. Fashion Avenue at The Dubai Mall" exturl = ""  linktitle  = "" class  = "" displaytitle = "Fashion Avenue at The Dubai Mall"/>
      <node pageid = "tcm:51-10782-64" page = "shopping4.aspx" url = "/en/Discover/Shopping/shopping4.aspx" name = "020. Souk Al Bahar" exturl = ""  linktitle  = "" class  = "" displaytitle = "Souk Al Bahar"/>
    </node>
    <node title = "025. Working" id = "tcm:51-1257-4" name = "000. working"  pageid = "tcm:51-10999-64" url = "/en/Discover/Working/working.aspx" Class = "menu-working" displaytitle = "Working">
      <node pageid = "tcm:51-10999-64" page = "working.aspx" url = "/en/Discover/Working/working.aspx" name = "000. working" exturl = ""  linktitle  = "" class  = "" displaytitle = "working"/>
      <node pageid = "tcm:51-10783-64" page = "working1.aspx" url = "/en/Discover/Working/working1.aspx" name = "005. Emaar Square" exturl = ""  linktitle  = "" class  = "" displaytitle = "Emaar Square"/>
      <node pageid = "tcm:51-10784-64" page = "working2.aspx" url = "/en/Discover/Working/working2.aspx" name = "010. Boulevard Plaza" exturl = ""  linktitle  = "" class  = "" displaytitle = "Boulevard Plaza"/>
      <node pageid = "tcm:51-10785-64" page = "working3.aspx" url = "/en/Discover/Working/working3.aspx" name = "015. The Corporate Suites, Burj Khalifa" exturl = ""  linktitle  = "" class  = "" displaytitle = "The Corporate Suites, Burj Khalifa"/>
      <node pageid = "tcm:51-10786-64" page = "working4.aspx" url = "/en/Discover/Working/working4.aspx" name = "020. The Offices, Burj Khalifa" exturl = ""  linktitle  = "" class  = "" displaytitle = "The Offices, Burj Khalifa"/>
    </node>
    <node title = "030. Living" id = "tcm:51-1258-4" name = "000. living"  pageid = "tcm:51-11060-64" url = "/en/Discover/Living/living.aspx" Class = "menu-living" displaytitle = "Living">
      <node pageid = "tcm:51-11060-64" page = "living.aspx" url = "/en/Discover/Living/living.aspx" name = "000. living" exturl = ""  linktitle  = "" class  = "" displaytitle = "living"/>
      <node pageid = "tcm:51-10787-64" page = "living1.aspx.aspx" url = "/en/Discover/Living/living1.aspx.aspx" name = "005. The Residence, Burj Khalifa" exturl = ""  linktitle  = "" class  = "" displaytitle = "The Residence, Burj Khalifa"/>
      <node pageid = "tcm:51-10788-64" page = "living2.aspx" url = "/en/Discover/Living/living2.aspx" name = "010. Armani Residences Dubai" exturl = ""  linktitle  = "" class  = "" displaytitle = "Armani Residences Dubai"/>
      <node pageid = "tcm:51-10789-64" page = "living3.aspx" url = "/en/Discover/Living/living3.aspx" name = "015. The Address Downtown Dubai Residences" exturl = ""  linktitle  = "" class  = "" displaytitle = "The Address Downtown Dubai Residences"/>
      <node pageid = "tcm:51-10790-64" page = "living4.aspx" url = "/en/Discover/Living/living4.aspx" name = "020. The Address Dubai Mall Residences" exturl = ""  linktitle  = "" class  = "" displaytitle = "The Address Dubai Mall Residences"/>
      <node pageid = "tcm:51-10791-64" page = "living5.aspx" url = "/en/Discover/Living/living5.aspx" name = "025. Burj Views" exturl = ""  linktitle  = "" class  = "" displaytitle = "Burj Views"/>
      <node pageid = "tcm:51-10792-64" page = "living6.aspx" url = "/en/Discover/Living/living6.aspx" name = "030. South Ridge" exturl = ""  linktitle  = "" class  = "" displaytitle = "South Ridge"/>
      <node pageid = "tcm:51-10793-64" page = "living7.aspx" url = "/en/Discover/Living/living7.aspx" name = "035. 8 Boulevard Walk" exturl = ""  linktitle  = "" class  = "" displaytitle = "8 Boulevard Walk"/>
      <node pageid = "tcm:51-10794-64" page = "living8.aspx" url = "/en/Discover/Living/living8.aspx" name = "040. The Lofts" exturl = ""  linktitle  = "" class  = "" displaytitle = "The Lofts"/>
      <node pageid = "tcm:51-10795-64" page = "living9.aspx" url = "/en/Discover/Living/living9.aspx" name = "045. The Residences" exturl = ""  linktitle  = "" class  = "" displaytitle = "The Residences"/>
      <node pageid = "tcm:51-10796-64" page = "living10.aspx" url = "/en/Discover/Living/living10.aspx" name = "050. The Old Town" exturl = ""  linktitle  = "" class  = "" displaytitle = "The Old Town"/>
      <node pageid = "tcm:51-10797-64" page = "living11.aspx" url = "/en/Discover/Living/living11.aspx" name = "055. The Old Town Island" exturl = ""  linktitle  = "" class  = "" displaytitle = "The Old Town Island"/>
    </node>
    <node title = "035. Emaar" id = "tcm:51-1259-4" name = "000. emaar"  pageid = "tcm:51-11073-64" url = "/en/Discover/Emaar/emaar.aspx" Class = "menu-emaar" displaytitle = "Emaar">
      <node pageid = "tcm:51-11073-64" page = "emaar.aspx" url = "/en/Discover/Emaar/emaar.aspx" name = "000. emaar" exturl = ""  linktitle  = "" class  = "" displaytitle = "emaar"/>
      <node pageid = "tcm:51-10798-64" page = "emaar1.aspx" url = "/en/Discover/Emaar/emaar1.aspx" name = "005. Downtown Dubai" exturl = ""  linktitle  = "" class  = "" displaytitle = "Downtown Dubai"/>
      <node pageid = "tcm:51-10799-64" page = "emaar2.aspx" url = "/en/Discover/Emaar/emaar2.aspx" name = "010. About Emaar" exturl = ""  linktitle  = "" class  = "" displaytitle = "About Emaar"/>
      <node pageid = "tcm:51-10800-64" page = "emaar3.aspx" url = "/en/Discover/Emaar/emaar3.aspx" name = "015. Print Ads" exturl = ""  linktitle  = "" class  = "" displaytitle = "Print Ads"/>
      <node pageid = "tcm:51-10801-64" page = "emaar4.aspx" url = "/en/Discover/Emaar/emaar4.aspx" name = "020. Contact" exturl = ""  linktitle  = "" class  = "" displaytitle = "Contact"/>
    </node>
  </node>
  <node title = "010. EXPERIENCE" id = "tcm:51-1249-4" name = "000. default"  pageid = "tcm:51-10877-64" url = "/en/Index.aspx" Class = "" displaytitle = "EXPERIENCE">
    <node pageid = "tcm:51-10877-64" page = "dd.aspx" url = "/en/EXPERIENCE/dd.html" name = "000. default" exturl = ""  linktitle  = "" class  = "" displaytitle = "default"/>
  </node>
  <node title = "015. EVENTS" id = "tcm:51-1250-4" name = "000. default"  pageid = "tcm:51-11189-64" url = "/en/EVENTS/default.aspx" Class = "" displaytitle = "EVENTS">
    <node pageid = "tcm:51-11189-64" page = "default.aspx" url = "/en/EVENTS/default.aspx" name = "000. default" exturl = ""  linktitle  = "" class  = "" displaytitle = "default"/>
  </node>
  <node title = "050. Sitetools" id = "tcm:51-1385-4" Class = "" displaytitle = "Sitetools">
    <node pageid = "tcm:51-11195-64" page = "FindUsOnFacebook.aspx" url = "/en/Sitetools/FindUsOnFacebook.html" name = "005. Find Us On Facebook" exturl = "http://www.facebook.com/DowntownDubai"  linktitle  = "Downtown Dubai on Facebook" class  = "facebook-link" displaytitle = "Find Us On Facebook"/>
    <node pageid = "tcm:51-11196-64" page = "FollowUsOnTwitter.aspx" url = "/en/Sitetools/FollowUsOnTwitter.html" name = "010. Follow Us On Twitter" exturl = "http://twitter.com/#!/mydowntowndubai"  linktitle  = "Official Twitter account for Downtown Dubai" class  = "twitter-link" displaytitle = "Follow Us On Twitter"/>
  </node>
</Root>