<root><node id="tcm:239-106816-64" title="005. About Us" url="/en/AboutUs.html"><HeadTitle>About  | Pier 7 Dubai Marina</HeadTitle><MetaTitle>About  | Pier 7 Dubai Marina</MetaTitle><MetaKeywords>About Pier 7,About Us,fine dining dubai.best fine dining restaurants in dubai</MetaKeywords><MetaDescription>Pier 7 is a dining destination that celebrates diversity in the art of fine dining - tops in the list  of the best fine dining restaurants in Dubai.</MetaDescription><OgType>article</OgType><OgImage /><CanonicalUrl></CanonicalUrl><fnavigationconf></fnavigationconf><fdisplaymainmenu>Yes</fdisplaymainmenu><fdisplayfooter></fdisplayfooter><fsitemap></fsitemap><fpreviousnext></fpreviousnext></node><node id="tcm:239-12438-4" title="010. 7 Ways to Dine" url="/en/Dine/index.html" indexpage="tcm:239-106948-64" compTitle=" About Us"><fnavigationconf></fnavigationconf><fdisplaymainmenu>Yes</fdisplaymainmenu><fdisplayfooter></fdisplayfooter><fsitemap></fsitemap><fpreviousnext></fpreviousnext><node id="tcm:239-106947-64" title="005. Atelier M" url="/en/Dine/AtelierM.html"><HeadTitle>Atelier M Dubai | Pier 7 Dubai Marina</HeadTitle><MetaTitle>Atelier M Dubai | Pier 7 Dubai Marina</MetaTitle><MetaKeywords>Atelier M Dubai,Atelier Marina</MetaKeywords><MetaDescription>A timeless enchantment located on the 7th floor of Pier 7, Atelier M offers the best French fine dining experience in Dubai Marina.</MetaDescription><OgType>article</OgType><OgImage /><CanonicalUrl></CanonicalUrl><fnavigationconf></fnavigationconf><fdisplaymainmenu></fdisplaymainmenu><fdisplayfooter></fdisplayfooter><fsitemap></fsitemap><fpreviousnext></fpreviousnext></node><node id="tcm:239-106961-64" title="008. Asia Asia" url="/en/Dine/AsiaAsia.html"><HeadTitle>Asia Asia | Pier 7 Dubai Marina</HeadTitle><MetaTitle>Asia Asia | Pier 7 Dubai Marina</MetaTitle><MetaKeywords>Asia Asia Dubai, Asia Asia Pier 7, Asian restaurant dubai Marina</MetaKeywords><MetaDescription>Asia Asia at Pier 7 Dubai Marina is the dining destination for Asian cuisine inspired by exotic dishes from places like Thailand, Shanghai, Kyoto, and more.</MetaDescription><OgType>article</OgType><OgImage /><CanonicalUrl></CanonicalUrl><fnavigationconf></fnavigationconf><fdisplaymainmenu></fdisplaymainmenu><fdisplayfooter></fdisplayfooter><fsitemap></fsitemap><fpreviousnext></fpreviousnext></node><node id="tcm:239-106962-64" title="010. Abd el Wahab" url="/en/Dine/AbdelWahab.html"><HeadTitle>Abd El Wahab Dubai | Pier 7 Dubai Marina</HeadTitle><MetaTitle>Abd El Wahab Dubai | Pier 7 Dubai Marina</MetaTitle><MetaKeywords>Abdel Wahab Dubai,Abdel Wahab Restaurant,</MetaKeywords><MetaDescription>Abd El Wahab Restaurant is located on the 5th floor of Pier 7 - an elegant, fine dining destination overlooking the Dubai Marina.</MetaDescription><OgType>article</OgType><OgImage /><CanonicalUrl></CanonicalUrl><fnavigationconf></fnavigationconf><fdisplaymainmenu></fdisplaymainmenu><fdisplayfooter></fdisplayfooter><fsitemap></fsitemap><fpreviousnext></fpreviousnext></node><node id="tcm:239-106963-64" title="012. The Scene by Simon Rimmer" url="/en/Dine/the-scene-by-simon-rimmer.html"><HeadTitle>The Scene by Simon Rimmer  |  Pier 7 Dubai Marina</HeadTitle><MetaTitle>The Scene by Simon Rimmer  |  Pier 7 Dubai Marina</MetaTitle><MetaKeywords>The Scene Dubai,  European cuisine in dubai, comfort food in dubai, The Scene Dubai Marina,</MetaKeywords><MetaDescription>The Scene by Simon Rimmer at Pier 7 Dubai marina is serving different types of European cuisine - a menu of heart-warming dishes with a retro twist.</MetaDescription><OgType>article</OgType><OgImage /><CanonicalUrl></CanonicalUrl><fnavigationconf></fnavigationconf><fdisplaymainmenu></fdisplaymainmenu><fdisplayfooter></fdisplayfooter><fsitemap></fsitemap><fpreviousnext></fpreviousnext></node><node id="tcm:239-106964-64" title="015. CARGO" url="/en/Dine/CARGO.html"><HeadTitle>Cargo Restaurant  | Pier 7 Dubai Marina</HeadTitle><MetaTitle>Cargo Restaurant  | Pier 7 Dubai Marina</MetaTitle><MetaKeywords>Cargo Restaurant Dubai,Cargo Restaurant Menu</MetaKeywords><MetaDescription>CARGO Restaurant sits at the 3rd floor of Pier 7, the newest after-work bar lounge destination in Dubai Marina serving a twist of Asian menu.</MetaDescription><OgType>article</OgType><OgImage /><CanonicalUrl></CanonicalUrl><fnavigationconf></fnavigationconf><fdisplaymainmenu></fdisplaymainmenu><fdisplayfooter></fdisplayfooter><fsitemap></fsitemap><fpreviousnext></fpreviousnext></node><node id="tcm:239-106965-64" title="020. O CACTI" url="/en/Dine/OCACTI.html"><HeadTitle>Ocacti Dubai | Pier 7 Dubai Marina</HeadTitle><MetaTitle>Ocacti Dubai | Pier 7 Dubai Marina</MetaTitle><MetaKeywords>Ocacti Dubai,Ocacti Dubai Marina,Ocacti Mexican House &amp; Cocktail-bar</MetaKeywords><MetaDescription>Ocacti Mexican House and Cocktail Bar is a relaxed dinning establishment at the second floor of Pier 7 offering the latest of Mexican Modern Cuisine.</MetaDescription><OgType>article</OgType><OgImage /><CanonicalUrl></CanonicalUrl><fnavigationconf></fnavigationconf><fdisplaymainmenu></fdisplaymainmenu><fdisplayfooter></fdisplayfooter><fsitemap></fsitemap><fpreviousnext></fpreviousnext></node><node id="tcm:239-106966-64" title="025. Fumé" url="/en/Dine/Fume.html"><HeadTitle>Fume Restaurant | Pier 7 Dubai Marina</HeadTitle><MetaTitle>Fume Restaurant | Pier 7 Dubai Marina</MetaTitle><MetaKeywords>Fume Restaurant Dubai,Fume Restaurant Marina</MetaKeywords><MetaDescription>Located at the first floor of Pier 7 Dubai Marina, Fume Restaurant offers affordable,  uncomplicated yet delicious comfort food with a global twist.</MetaDescription><OgType>article</OgType><OgImage /><CanonicalUrl></CanonicalUrl><fnavigationconf></fnavigationconf><fdisplaymainmenu></fdisplaymainmenu><fdisplayfooter></fdisplayfooter><fsitemap></fsitemap><fpreviousnext></fpreviousnext></node></node><node id="tcm:239-106967-64" title="015. Gallery" url="/en/Gallery.html"><HeadTitle>Gallery | Pier 7 Dubai Marina</HeadTitle><MetaTitle>Gallery | Pier 7 Dubai Marina</MetaTitle><MetaKeywords>Pier 7 Photos,Pier 7 Gallery,Dubai Marina Photos</MetaKeywords><MetaDescription>Each restaurant in Pier 7 has amazing panoramic views of Dubai Marina on different floors, explore our gallery and view amazing Dubai Marina photos.</MetaDescription><OgType>article</OgType><OgImage /><CanonicalUrl></CanonicalUrl><fnavigationconf></fnavigationconf><fdisplaymainmenu>Yes</fdisplaymainmenu><fdisplayfooter></fdisplayfooter><fsitemap></fsitemap><fpreviousnext></fpreviousnext></node><node id="tcm:239-106976-64" title="020. Contact Us" url="/en/ContactUs.html"><HeadTitle>Contact | Pier 7 Dubai Marina</HeadTitle><MetaTitle>Contact | Pier 7 Dubai Marina</MetaTitle><MetaKeywords>Contact Pier 7,Pier 7 Contact Details,Pier 7 Phone Number</MetaKeywords><MetaDescription>For inquiries on services, Pier 7 Phone Number and Contact Details are provided - our friendly guest services officers at Dubai Marina are happy to assist.</MetaDescription><OgType>article</OgType><OgImage /><CanonicalUrl></CanonicalUrl><fnavigationconf></fnavigationconf><fdisplaymainmenu></fdisplaymainmenu><fdisplayfooter></fdisplayfooter><fsitemap></fsitemap><fpreviousnext></fpreviousnext></node><node id="tcm:239-106988-64" title="035. Legal disclaimers" url="/en/Legaldisclaimers.html"><HeadTitle>Legal | Pier 7 Dubai Marina</HeadTitle><MetaTitle>Legal | Pier 7 Dubai Marina</MetaTitle><MetaKeywords>Legal Disclaimers,Legal</MetaKeywords><MetaDescription>A member of Emaar Properties, Pier 7 Dubai Marina is the place to see and be-seen every day of the week for a unique dining experience.</MetaDescription><OgType></OgType><OgImage /><CanonicalUrl></CanonicalUrl><fnavigationconf></fnavigationconf><fdisplaymainmenu></fdisplaymainmenu><fdisplayfooter>Yes</fdisplayfooter><fsitemap>Yes</fsitemap><fpreviousnext>Yes</fpreviousnext></node><node id="tcm:239-107783-64" title="040. Sitemap" url="/en/Sitemap.html"><HeadTitle></HeadTitle><MetaTitle></MetaTitle><MetaKeywords></MetaKeywords><MetaDescription></MetaDescription><OgType></OgType><OgImage /><CanonicalUrl></CanonicalUrl><fnavigationconf></fnavigationconf><fdisplaymainmenu>Yes</fdisplaymainmenu><fdisplayfooter>Yes</fdisplayfooter><fsitemap>Yes</fsitemap><fpreviousnext>Yes</fpreviousnext></node><node id="tcm:239-107003-64" title="045. Subscribe to hear more" url="/en/Subscribe.html"><HeadTitle></HeadTitle><MetaTitle></MetaTitle><MetaKeywords></MetaKeywords><MetaDescription></MetaDescription><OgType></OgType><OgImage /><CanonicalUrl></CanonicalUrl><fnavigationconf></fnavigationconf><fdisplaymainmenu>Yes</fdisplaymainmenu><fdisplayfooter>Yes</fdisplayfooter><fsitemap>Yes</fsitemap><fpreviousnext>Yes</fpreviousnext></node><node id="tcm:239-12440-4" title="050. In the press" url="/en/Inthepress/index.html" indexpage="tcm:239-106993-64" compTitle=" About Us"><fnavigationconf></fnavigationconf><fdisplaymainmenu>Yes</fdisplaymainmenu><fdisplayfooter></fdisplayfooter><fsitemap></fsitemap><fpreviousnext>Yes</fpreviousnext></node></root>







