<root><data name="txt.commingsoon" tcm="tcm:239-50982" type="Text"><value>Coming Soon, please check back later.</value></data><data name="SocialMediaIcon_FbUrl" tcm="tcm:239-50982" type="Text"><value>https://www.facebook.com/Pier7DXB?ref=hl</value></data><data name="SocialMediaIcon_FbLogoUrl" tcm="tcm:239-50982" type="Text"><value>/en/assets/img/logo/socialmedia.jpg</value></data><data name="ReadMore_Link" tcm="tcm:239-50982" type="Text"><value>Read More</value></data><data name="Instagram_Txt" tcm="tcm:239-50982" type="Text"><value>INSTAGRAM</value></data><data name="ContactUs_Mobile_Numer" tcm="tcm:239-50982" type="Text"><value>00971 4 436 1020</value></data><data name="ContactUs_Email_Id" tcm="tcm:239-50982" type="Text"><value>enquiries@pier7.ae</value></data><data name="Inthepress_DivClass" tcm="tcm:239-50982" type="Text"><value>inthepress</value></data><data name="Generic_Right_Container_DivClass" tcm="tcm:239-50982" type="Text"><value>contentContainer</value></data><data name="Subscribe_Form_Title" tcm="tcm:239-50982" type="Text"><value>Subscribe to hear more</value></data><data name="fb_image" tcm="tcm:239-50982" type="Image"><value>/en/Images/fb_tcm239-106959.png</value></data><data name="tw_image" tcm="tcm:239-50982" type="Image"><value>/en/Images/tw_tcm239-106960.png</value></data></root> 