<?xml version="1.0" encoding="UTF-8"?><?xml-stylesheet type='text/xsl' href='_UpgradeReport_Files/UpgradeReport.xslt'?><UpgradeLog>
<Properties><Property Name="Solution" Value="MDTD.Web.Tridion.BuildingBlocks">
</Property><Property Name="Solution File" Value="D:\working area\MDTD.Web.Tridion.BuildingBlocks\MDTD.Web.Tridion.BuildingBlocks\MDTD.Web.Tridion.BuildingBlocks.sln">
</Property><Property Name="User Options File" Value="D:\working area\MDTD.Web.Tridion.BuildingBlocks\MDTD.Web.Tridion.BuildingBlocks\MDTD.Web.Tridion.BuildingBlocks.suo">
</Property><Property Name="Date" Value="Sunday, March 24, 2013">
</Property><Property Name="Time" Value="12:00 PM">
</Property></Properties><Event ErrorLevel="0" Project="" Source="MDTD.Web.Tridion.BuildingBlocks.sln" Description="File successfully backed up as D:\working area\MDTD.Web.Tridion.BuildingBlocks\MDTD.Web.Tridion.BuildingBlocks\Backup\MDTD.Web.Tridion.BuildingBlocks.sln">
</Event><Event ErrorLevel="0" Project="" Source="MDTD.Web.Tridion.BuildingBlocks.suo" Description="File successfully backed up as D:\working area\MDTD.Web.Tridion.BuildingBlocks\MDTD.Web.Tridion.BuildingBlocks\Backup\MDTD.Web.Tridion.BuildingBlocks.suo">
</Event><Event ErrorLevel="0" Project="MDTD.Web.Tridion.BuildingBlocks" Source="MDTD.Web.Tridion.BuildingBlocks\MDTD.Web.Tridion.BuildingBlocks.csproj" Description="Project file successfully backed up as D:\working area\MDTD.Web.Tridion.BuildingBlocks\MDTD.Web.Tridion.BuildingBlocks\Backup\MDTD.Web.Tridion.BuildingBlocks\MDTD.Web.Tridion.BuildingBlocks.csproj">
</Event><Event ErrorLevel="0" Project="MDTD.Web.Tridion.BuildingBlocks" Source="MDTD.Web.Tridion.BuildingBlocks\Base\IXSLTHelper.cs" Description="File successfully backed up as D:\working area\MDTD.Web.Tridion.BuildingBlocks\MDTD.Web.Tridion.BuildingBlocks\Backup\MDTD.Web.Tridion.BuildingBlocks\Base\IXSLTHelper.cs">
</Event><Event ErrorLevel="0" Project="MDTD.Web.Tridion.BuildingBlocks" Source="MDTD.Web.Tridion.BuildingBlocks\Base\ListItem.cs" Description="File successfully backed up as D:\working area\MDTD.Web.Tridion.BuildingBlocks\MDTD.Web.Tridion.BuildingBlocks\Backup\MDTD.Web.Tridion.BuildingBlocks\Base\ListItem.cs">
</Event><Event ErrorLevel="0" Project="MDTD.Web.Tridion.BuildingBlocks" Source="MDTD.Web.Tridion.BuildingBlocks\Base\TemplateBase.cs" Description="File successfully backed up as D:\working area\MDTD.Web.Tridion.BuildingBlocks\MDTD.Web.Tridion.BuildingBlocks\Backup\MDTD.Web.Tridion.BuildingBlocks\Base\TemplateBase.cs">
</Event><Event ErrorLevel="0" Project="MDTD.Web.Tridion.BuildingBlocks" Source="MDTD.Web.Tridion.BuildingBlocks\Base\TridionCollection.cs" Description="File successfully backed up as D:\working area\MDTD.Web.Tridion.BuildingBlocks\MDTD.Web.Tridion.BuildingBlocks\Backup\MDTD.Web.Tridion.BuildingBlocks\Base\TridionCollection.cs">
</Event><Event ErrorLevel="0" Project="MDTD.Web.Tridion.BuildingBlocks" Source="MDTD.Web.Tridion.BuildingBlocks\Base\TridionCollectionBase.cs" Description="File successfully backed up as D:\working area\MDTD.Web.Tridion.BuildingBlocks\MDTD.Web.Tridion.BuildingBlocks\Backup\MDTD.Web.Tridion.BuildingBlocks\Base\TridionCollectionBase.cs">
</Event><Event ErrorLevel="0" Project="MDTD.Web.Tridion.BuildingBlocks" Source="MDTD.Web.Tridion.BuildingBlocks\Base\TridionXSLTHelperNSAttribute.cs" Description="File successfully backed up as D:\working area\MDTD.Web.Tridion.BuildingBlocks\MDTD.Web.Tridion.BuildingBlocks\Backup\MDTD.Web.Tridion.BuildingBlocks\Base\TridionXSLTHelperNSAttribute.cs">
</Event><Event ErrorLevel="0" Project="MDTD.Web.Tridion.BuildingBlocks" Source="MDTD.Web.Tridion.BuildingBlocks\Base\Utilities.cs" Description="File successfully backed up as D:\working area\MDTD.Web.Tridion.BuildingBlocks\MDTD.Web.Tridion.BuildingBlocks\Backup\MDTD.Web.Tridion.BuildingBlocks\Base\Utilities.cs">
</Event><Event ErrorLevel="0" Project="MDTD.Web.Tridion.BuildingBlocks" Source="MDTD.Web.Tridion.BuildingBlocks\Properties\AssemblyInfo.cs" Description="File successfully backed up as D:\working area\MDTD.Web.Tridion.BuildingBlocks\MDTD.Web.Tridion.BuildingBlocks\Backup\MDTD.Web.Tridion.BuildingBlocks\Properties\AssemblyInfo.cs">
</Event><Event ErrorLevel="0" Project="MDTD.Web.Tridion.BuildingBlocks" Source="MDTD.Web.Tridion.BuildingBlocks\Templates\GetCommonData.cs" Description="File successfully backed up as D:\working area\MDTD.Web.Tridion.BuildingBlocks\MDTD.Web.Tridion.BuildingBlocks\Backup\MDTD.Web.Tridion.BuildingBlocks\Templates\GetCommonData.cs">
</Event><Event ErrorLevel="0" Project="MDTD.Web.Tridion.BuildingBlocks" Source="MDTD.Web.Tridion.BuildingBlocks\Templates\Navigation.cs" Description="File successfully backed up as D:\working area\MDTD.Web.Tridion.BuildingBlocks\MDTD.Web.Tridion.BuildingBlocks\Backup\MDTD.Web.Tridion.BuildingBlocks\Templates\Navigation.cs">
</Event><Event ErrorLevel="0" Project="MDTD.Web.Tridion.BuildingBlocks" Source="MDTD.Web.Tridion.BuildingBlocks\bin\Tridion.Common.dll" Description="File successfully backed up as D:\working area\MDTD.Web.Tridion.BuildingBlocks\MDTD.Web.Tridion.BuildingBlocks\Backup\MDTD.Web.Tridion.BuildingBlocks\bin\Tridion.Common.dll">
</Event><Event ErrorLevel="0" Project="MDTD.Web.Tridion.BuildingBlocks" Source="MDTD.Web.Tridion.BuildingBlocks\bin\Tridion.ContentManager.dll" Description="File successfully backed up as D:\working area\MDTD.Web.Tridion.BuildingBlocks\MDTD.Web.Tridion.BuildingBlocks\Backup\MDTD.Web.Tridion.BuildingBlocks\bin\Tridion.ContentManager.dll">
</Event><Event ErrorLevel="0" Project="MDTD.Web.Tridion.BuildingBlocks" Source="MDTD.Web.Tridion.BuildingBlocks\bin\Tridion.ContentManager.Publishing.dll" Description="File successfully backed up as D:\working area\MDTD.Web.Tridion.BuildingBlocks\MDTD.Web.Tridion.BuildingBlocks\Backup\MDTD.Web.Tridion.BuildingBlocks\bin\Tridion.ContentManager.Publishing.dll">
</Event><Event ErrorLevel="0" Project="MDTD.Web.Tridion.BuildingBlocks" Source="MDTD.Web.Tridion.BuildingBlocks\bin\Tridion.ContentManager.Templating.dll" Description="File successfully backed up as D:\working area\MDTD.Web.Tridion.BuildingBlocks\MDTD.Web.Tridion.BuildingBlocks\Backup\MDTD.Web.Tridion.BuildingBlocks\bin\Tridion.ContentManager.Templating.dll">
</Event><Event ErrorLevel="0" Project="MDTD.Web.Tridion.BuildingBlocks" Source="MDTD.Web.Tridion.BuildingBlocks\MDTD.Web.Tridion.BuildingBlocks.csproj" Description="Project converted successfully">
</Event><Event ErrorLevel="3" Project="MDTD.Web.Tridion.BuildingBlocks" Source="MDTD.Web.Tridion.BuildingBlocks\MDTD.Web.Tridion.BuildingBlocks.csproj" Description="Converted">
</Event><Event ErrorLevel="0" Project="" Source="MDTD.Web.Tridion.BuildingBlocks.sln" Description="Solution converted successfully">
</Event><Event ErrorLevel="3" Project="" Source="MDTD.Web.Tridion.BuildingBlocks.sln" Description="Converted">
</Event><Event ErrorLevel="0" Project="MDTD.Web.Tridion.BuildingBlocks" Source="MDTD.Web.Tridion.BuildingBlocks\MDTD.Web.Tridion.BuildingBlocks.csproj" Description="Scan complete: Upgrade not required for project files.">
</Event></UpgradeLog>